district_name,mandal_name,village_name,name_of_the_unit,line_of_activity,sector,investment,number_of_employees,application_date,approval_date,progress_of_implementation,is_online,social_status,investment_standardized,district_name_encoded,mandal_name_encoded,village_name_encoded,name_of_the_unit_encoded,line_of_activity_encoded,sector_encoded,number_of_employees_encoded,application_date_encoded,approval_date_encoded,progress_of_implementation_encoded,is_online_encoded,social_status_encoded,application_date_year,application_date_month,application_date_day,application_date_dayofweek,approval_date_year,approval_date_month,approval_date_day,approval_date_dayofweek,application_date_encoded_year,application_date_encoded_month,application_date_encoded_day,application_date_encoded_dayofweek,approval_date_encoded_year,approval_date_encoded_month,approval_date_encoded_day,approval_date_encoded_dayofweek,investment_group_mean_x,investment_group_sum_x,investment_group_count_x,investment_standardized_group_mean_x,investment_standardized_group_sum_x,investment_standardized_group_count_x,district_name_encoded_group_mean_x,district_name_encoded_group_sum_x,district_name_encoded_group_count_x,investment_group_mean_y,investment_group_sum_y,investment_group_count_y,investment_standardized_group_mean_y,investment_standardized_group_sum_y,investment_standardized_group_count_y,district_name_encoded_group_mean_y,district_name_encoded_group_sum_y,district_name_encoded_group_count_y,investment_group_mean,investment_group_sum,investment_group_count,investment_standardized_group_mean,investment_standardized_group_sum,investment_standardized_group_count,district_name_encoded_group_mean,district_name_encoded_group_sum,district_name_encoded_group_count
SIDDIPET,CHINNAKODUR,RAMUNI PATTA,TELANGANA ICE FACTORY,"CHILLING PLANT, COLD STORAGE AND ICE MAKING",AGRO BASED INCL COLD STORAGES,0.4644,1,2025-07-31,2025-01-09,YET TO START CONSTRUCTION,YES,GENERAL,-0.6292415702143636,0,0,0,0,0,0,0,1970-01-01 00:00:00.000000000,1970-01-01 00:00:00.000000000,0,0,0,2025,7,31,3,2025.0,1.0,9.0,3.0,1970,1,1,3,1970,1,1,3,0.6721125,5.3769,8,-0.5192072993511434,-4.153658394809147,8,0.0,0,8,0.4644,0.4644,1,-0.6292415702143636,-0.6292415702143636,1,0.0,0,1,0.4644,0.4644,1,-0.6292415702143636,-0.6292415702143636,1,0.0,0,1
PEDDAPALLI,SRIRAMPUR,RATHUPALLE,M/S TIRUMALA OIL CHEM INDIA PVT LTD,OIL MILL GHANI & EXTRACTION ( NO HYDROGENATION / REFINING),FOOD PROCESSING,2.45,80,2025-03-01,2025-01-09,YET TO START CONSTRUCTION,YES,GENERAL,0.42261639801580914,1,1,1,1,1,1,1,1970-01-01 00:00:00.000000001,1970-01-01 00:00:00.000000000,0,0,0,2025,3,1,5,2025.0,1.0,9.0,3.0,1970,1,1,3,1970,1,1,3,0.905,3.62,4,-0.3958367450722331,-1.5833469802889324,4,1.0,4,4,2.45,2.45,1,0.42261639801580914,0.42261639801580914,1,1.0,1,1,2.45,2.45,1,0.42261639801580914,0.42261639801580914,1,1.0,1,1
NAGARKURNOOL,NAGARKURNOOL,SRIPURAM,"M/S SHREESKANDA INFRATECH PRIVATE LIMITED.,",STONE CRUSHERS,GRANITE AND STONE CRUSHING,1.1,20,2025-08-22,2025-01-09,YET TO START CONSTRUCTION,YES,GENERAL,-0.2925368338086938,2,2,2,2,2,2,2,1970-01-01 00:00:00.000000002,1970-01-01 00:00:00.000000000,0,0,0,2025,8,22,4,2025.0,1.0,9.0,3.0,1970,1,1,3,1970,1,1,3,1.1,1.1,1,-0.2925368338086938,-0.2925368338086938,1,2.0,2,1,1.1,1.1,1,-0.2925368338086938,-0.2925368338086938,1,2.0,2,1,1.1,1.1,1,-0.2925368338086938,-0.2925368338086938,1,2.0,2,1
MEDCHAL,UPPAL,NACHARAM,M/S. SALICYLATES & CHEMICALS PVT. LTD,PHARMACEUTICAL FORMULATION AND FOR R & D PURPOSE (FOR SUSTAINED RELEASE/EXTENDED RELEASE OF DRUGS ONLY AND NOT FOR COMMERCIAL PURPOSE),R&D,3.3,6,2025-07-16,2025-01-09,YET TO START CONSTRUCTION,YES,GENERAL,0.8728980624979034,3,3,3,3,3,3,3,1970-01-01 00:00:00.000000003,1970-01-01 00:00:00.000000000,0,0,0,2025,7,16,2,2025.0,1.0,9.0,3.0,1970,1,1,3,1970,1,1,3,1.2626315789473683,23.99,19,-0.20638387137837358,-3.9212935561890983,19,3.0,57,19,1.825,3.65,2,0.09152693883779844,0.1830538776755969,2,3.0,6,2,1.825,3.65,2,0.09152693883779844,0.1830538776755969,2,3.0,6,2
VIKARABAD,KODANGAL,UDIMESWAR,VIJAYA LAKSHMI INDUSTRIES,CEMENT,"CEMENT, CEMENT & CONCRETE PRODUCTS, FLY ASH BRICKS",2.4318,20,2025-08-13,,YET TO START CONSTRUCTION,YES,GENERAL,0.41297507296454533,4,4,4,4,4,4,2,1970-01-01 00:00:00.000000004,1970-01-01 00:00:00.000000001,0,0,0,2025,8,13,2,,,,,1970,1,1,3,1970,1,1,3,0.9162399999999999,4.5812,5,-0.3898824322383757,-1.9494121611918787,5,4.0,20,5,2.4318,2.4318,1,0.41297507296454533,0.41297507296454533,1,4.0,4,1,2.4318,2.4318,1,0.41297507296454533,0.41297507296454533,1,4.0,4,1
YADADRI,BIBINAGAR,RAIRAOPET,SRI MARUTHI ENGINEERING WORKS,ENGINEERING AND FABRICATION UNITS (DRY PROCESS WITHOUT ANY HEAT TREATMENT / METAL SURFACE FINISHING OPERATIONS / PAINTING),ENGINEERING,0.9628,5,2025-07-30,,YET TO START CONSTRUCTION,YES,GENERAL,-0.36521759188745073,5,5,5,5,5,5,4,1970-01-01 00:00:00.000000005,1970-01-01 00:00:00.000000001,0,0,0,2025,7,30,2,,,,,1970,1,1,3,1970,1,1,3,0.6163333333333333,5.547,9,-0.5487559299512503,-4.938803369561253,9,5.0,45,9,0.8178333333333333,4.907,6,-0.4420126883122597,-2.6520761298735582,6,5.0,30,6,0.8178333333333333,4.907,6,-0.4420126883122597,-2.6520761298735582,6,5.0,30,6
MEDCHAL,DUNDIGAL GANDIMAISAMMA,DUNDIGAL,M/S. SARGARI JEEVENDER REDDY,ENGINEERING AND FABRICATION UNITS (DRY PROCESS WITHOUT ANY HEAT TREATMENT / METAL SURFACE FINISHING OPERATIONS / PAINTING),ENGINEERING,0.25,6,2025-08-28,,YET TO START CONSTRUCTION,YES,GENERAL,-0.7428184982907882,3,6,6,6,5,5,3,1970-01-01 00:00:00.000000006,1970-01-01 00:00:00.000000001,0,0,0,2025,8,28,3,,,,,1970,1,1,3,1970,1,1,3,1.2626315789473683,23.99,19,-0.20638387137837358,-3.9212935561890983,19,3.0,57,19,0.18333333333333335,0.55,3,-0.7781347072697761,-2.334404121809328,3,3.0,9,3,0.15,0.3,2,-0.7957928117592699,-1.5915856235185397,2,3.0,6,2
MEDCHAL,MEDCHAL,YADARAM,GEEAAR POLY PACK,CARDBOARD OR CORRUGATED BOX AND PAPER PRODUCTS (EXCLUDING PAPER OR PULP MANUFACTURING AND WITHOUT USING BOILERS),PAPER AND PRINTING,5.72725,8,2025-08-14,,YET TO START CONSTRUCTION,YES,GENERAL,2.158717086161625,3,7,7,7,6,6,5,1970-01-01 00:00:00.000000007,1970-01-01 00:00:00.000000002,0,0,0,2025,8,14,3,,,,,1970,1,1,3,1970,1,1,3,1.2626315789473683,23.99,19,-0.20638387137837358,-3.9212935561890983,19,3.0,57,19,2.963625,5.92725,2,0.6947057155682981,1.3894114311365962,2,3.0,6,2,5.72725,5.72725,1,2.158717086161625,2.158717086161625,1,3.0,3,1
MAHABUBABAD,MARIPEDA,MARIPEDA,HEMADURGA RICE INDUSTRIES,RICE MILL (RICE HULLERS ONLY),FOOD PROCESSING,5.72725,12,2025-08-19,,YET TO START CONSTRUCTION,YES,GENERAL,2.158717086161625,6,8,8,8,7,1,6,1970-01-01 00:00:00.000000008,1970-01-01 00:00:00.000000002,0,0,0,2025,8,19,1,,,,,1970,1,1,3,1970,1,1,3,2.38934375,19.11475,8,0.39048416600258307,3.1238733280206645,8,6.0,48,8,5.72725,5.72725,1,2.158717086161625,2.158717086161625,1,6.0,6,1,5.72725,5.72725,1,2.158717086161625,2.158717086161625,1,6.0,6,1
CHITYALA,VELIMINEDU,CIVENTICHEM (INDIA) PRIVATE LIMITED,ORGANIC CHEMICALSMANUFACTURING,PHARMACEUTICALS AND CHEMICALS,10.0,5.72725,10/02/2025,2025-08-29,,YES,GENERAL,GENERAL,2.158717086161625,7,9,9,9,8,7,7,1970-01-01 00:00:00.000000009,1970-01-01 00:00:00.000000003,1,1,0,2025,8,29,4,,,,,1970,1,1,3,1970,1,1,3,5.72725,5.72725,1,2.158717086161625,2.158717086161625,1,7.0,7,1,5.72725,5.72725,1,2.158717086161625,2.158717086161625,1,7.0,7,1,5.72725,5.72725,1,2.158717086161625,2.158717086161625,1,7.0,7,1
NALGONDA,MIRYALAGUDA,GUDUR,RAMAIAH TRACTOR MECHANICAL WORKS,ENGINEERING AND FABRICATION UNITS (DRY PROCESS WITHOUT ANY HEAT TREATMENT / METAL SURFACE FINISHING OPERATIONS / PAINTING),ENGINEERING,0.1499,2,2025-08-04,,YET TO START CONSTRUCTION,YES,OBC,-0.7958457860727385,8,10,10,10,5,5,8,1970-01-01 00:00:00.000000010,1970-01-01 00:00:00.000000002,0,0,1,2025,8,4,0,,,,,1970,1,1,3,1970,1,1,3,0.3072,0.9216,3,-0.7125171909868167,-2.13755157296045,3,8.0,24,3,0.11080000000000001,0.22160000000000002,2,-0.8165587426389147,-1.6331174852778294,2,8.0,16,2,0.11080000000000001,0.22160000000000002,2,-0.8165587426389147,-1.6331174852778294,2,8.0,16,2
RANGAREDDY,BALAPUR,NADARGUL,DHANASRI TIMBER DEPOT,SAW MILLS,WOOD AND LEATHER,0.25,10,2025-08-15,,YET TO START CONSTRUCTION,YES,GENERAL,-0.7428184982907882,9,11,11,11,9,8,9,1970-01-01 00:00:00.000000011,1970-01-01 00:00:00.000000002,0,0,0,2025,8,15,4,,,,,1970,1,1,3,1970,1,1,3,3.2394545454545454,71.268,22,0.8408245236160773,18.4981395195537,22,9.0,198,22,0.25,0.25,1,-0.7428184982907882,-0.7428184982907882,1,9.0,9,1,0.25,0.25,1,-0.7428184982907882,-0.7428184982907882,1,9.0,9,1
RANGAREDDY,NANDIGAMA,MANISH KUMAR,"FACILITY OF HANDLING, STORAGE AND TRANSPORTATION OF FOOD GRAINS IN BULK",AGRO BASED INCL COLD STORAGES,2.15,5.0,09/07/2025,2025-08-29,,YES,GENERAL,GENERAL,1.7734613914620923,9,12,12,12,10,9,10,1970-01-01 00:00:00.000000009,1970-01-01 00:00:00.000000003,1,1,0,2025,8,29,4,,,,,1970,1,1,3,1970,1,1,3,3.2394545454545454,71.268,22,0.8408245236160773,18.4981395195537,22,9.0,198,22,4.271208333333333,25.62725,6,1.38738900942992,8.32433405657952,6,9.0,54,6,5.0,5.0,1,1.7734613914620923,1.7734613914620923,1,9.0,9,1
WARANGAL,DUGGONDI,MANDAPALLE,LAXMI SAI BINNY RICE MILL,RICE MILL (RICE HULLERS ONLY),FOOD PROCESSING,2.1,1,2025-08-13,,YET TO START CONSTRUCTION,YES,OBC,0.23720630087612316,10,13,13,13,7,1,0,1970-01-01 00:00:00.000000004,1970-01-01 00:00:00.000000004,0,0,1,2025,8,13,2,,,,,1970,1,1,3,1970,1,1,3,1.2533277777777778,11.27995,9,-0.21131249617443681,-1.9018124655699313,9,10.0,90,9,2.1,2.1,1,0.23720630087612316,0.23720630087612316,1,10.0,10,1,2.1,2.1,1,0.23720630087612316,0.23720630087612316,1,10.0,10,1
MEDCHAL,KAPRA,CHERLAPARLY,DAISA BIOPHARMA,PHARMACEUTICAL FORMULATION AND FOR R & D PURPOSE (FOR SUSTAINED RELEASE/EXTENDED RELEASE OF DRUGS ONLY AND NOT FOR COMMERCIAL PURPOSE),R&D,0.25,10,2025-08-04,,YET TO START CONSTRUCTION,YES,GENERAL,-0.7428184982907882,3,14,14,14,3,3,9,1970-01-01 00:00:00.000000010,1970-01-01 00:00:00.000000004,0,0,0,2025,8,4,0,,,,,1970,1,1,3,1970,1,1,3,1.2626315789473683,23.99,19,-0.20638387137837358,-3.9212935561890983,19,3.0,57,19,0.25,0.25,1,-0.7428184982907882,-0.7428184982907882,1,3.0,3,1,0.25,0.25,1,-0.7428184982907882,-0.7428184982907882,1,3.0,3,1
MEDCHAL,QUTUBULLAPUR,JEEDIMETLA,M/S. HARMEETH SHEET METAL & FABRICATION WORKS,ENGINEERING AND FABRICATION UNITS (DRY PROCESS WITHOUT ANY HEAT TREATMENT / METAL SURFACE FINISHING OPERATIONS / PAINTING),ENGINEERING,0.25,4,2025-08-21,,YET TO START CONSTRUCTION,YES,GENERAL,-0.7428184982907882,3,15,15,15,5,5,11,1970-01-01 00:00:00.000000012,1970-01-01 00:00:00.000000004,0,0,0,2025,8,21,3,,,,,1970,1,1,3,1970,1,1,3,1.2626315789473683,23.99,19,-0.20638387137837358,-3.9212935561890983,19,3.0,57,19,0.8544375,6.8355,8,-0.42262188231973413,-3.380975058557873,8,3.0,24,8,1.0658333333333334,6.3950000000000005,6,-0.31063639091042505,-1.8638183454625503,6,3.0,18,6
WARANGAL,CHENNARAOPET,CHENNARAOPET,M/S SHIVA UDAY TRADERS,FLOUR MILLS (DRY PROCESS),FOOD PROCESSING,0.45,9,2025-08-25,,YET TO START CONSTRUCTION,YES,SC,-0.6368698713538249,10,16,16,16,11,1,12,1970-01-01 00:00:00.000000013,1970-01-01 00:00:00.000000004,0,0,2,2025,8,25,0,,,,,1970,1,1,3,1970,1,1,3,1.2533277777777778,11.27995,9,-0.21131249617443681,-1.9018124655699313,9,10.0,90,9,1.075,2.15,2,-0.3057804121758143,-0.6115608243516286,2,10.0,20,2,0.45,0.45,1,-0.6368698713538249,-0.6368698713538249,1,10.0,10,1
WARANGAL,NALLABELLY,LENKALPALLE,VIJAYA LAXMI CEMENT FLYASH BRICKS,FLY ASH BRICKS/ BLOCK MANUFACTURING,"CEMENT, CEMENT & CONCRETE PRODUCTS, FLY ASH BRICKS",0.1447,2,2025-08-18,,YET TO START CONSTRUCTION,YES,OBC,-0.7986004503730995,10,17,17,17,12,4,8,1970-01-01 00:00:00.000000014,1970-01-01 00:00:00.000000004,0,0,1,2025,8,18,0,,,,,1970,1,1,3,1970,1,1,3,1.2533277777777778,11.27995,9,-0.21131249617443681,-1.9018124655699313,9,10.0,90,9,0.1447,0.1447,1,-0.7986004503730995,-0.7986004503730995,1,10.0,10,1,0.1447,0.1447,1,-0.7986004503730995,-0.7986004503730995,1,10.0,10,1
WARANGAL,GEESUGONDA,GORREKUNTA (RURAL),M/S SAI SRINIVASA COLD STORAGE,"CHILLING PLANT, COLD STORAGE AND ICE MAKING",AGRO BASED INCL COLD STORAGES,5.72725,10,2025-05-16,,YET TO START CONSTRUCTION,YES,GENERAL,2.158717086161625,10,18,18,18,0,0,9,1970-01-01 00:00:00.000000015,1970-01-01 00:00:00.000000005,0,0,0,2025,5,16,4,,,,,1970,1,1,3,1970,1,1,3,1.2533277777777778,11.27995,9,-0.21131249617443681,-1.9018124655699313,9,10.0,90,9,2.0784166666666666,6.23525,3,0.22577267821917577,0.6773180346575273,3,10.0,30,3,3.028625,6.05725,2,0.7291390193228111,1.4582780386456222,2,10.0,20,2
RANGAREDDY,FAROOQNAGAR,RAIKAL,BIRLA METALS & ALLOYS LLP,"INDUSTRIES ENGAGED IN RECYCLING /REPROCESSING/ RECOVERY/REUSE OFHAZARDOUS WASTE UNDER SCHEDULE IV OF HW{ M, H& TBM) RULES, 2008 -ITEMS NAMELY -LEAD ACID BATTERY PLATES AND OTHERLEAD SCRAP/ASHES/RESIDUES NOTCOVERED UNDER BATTERIES (MANAGEMENT AND HANDLING) RULES, 2001. [ * BATTERY SCRAP, NAMELY:LEAD BATTERY PLATES COVERED BY ISRI, CODE WORD ""RAILS"" BATTERY LUGSCOVERED BY ISR1, CODE WORD ""RAKES"". SCRAP DRAINED/DRY WHILE INTACT, LEAD BATTERIES COVERED BY ISRI, CODE WORD ""RAINS"".",PHARMACEUTICALS AND CHEMICALS,5.72725,2,2025-07-25,,YET TO START CONSTRUCTION,YES,GENERAL,2.158717086161625,9,19,19,19,13,10,8,1970-01-01 00:00:00.000000016,1970-01-01 00:00:00.000000005,0,0,0,2025,7,25,4,,,,,1970,1,1,3,1970,1,1,3,3.2394545454545454,71.268,22,0.8408245236160773,18.4981395195537,22,9.0,198,22,3.2436249999999998,12.974499999999999,4,0.8430337932800468,3.372135173120187,4,9.0,36,4,5.72725,5.72725,1,2.158717086161625,2.158717086161625,1,9.0,9,1
NIRMAL,KADDAM (PEDDUR),BELLAL,M/S. VAYUPUTRA RAW RICE MILL,RICE MILL (RICE HULLERS ONLY),FOOD PROCESSING,0.75,12,2025-08-08,,YET TO START CONSTRUCTION,YES,OBC,-0.47794693094837976,11,20,20,20,7,1,6,1970-01-01 00:00:00.000000017,1970-01-01 00:00:00.000000005,0,0,1,2025,8,8,4,,,,,1970,1,1,3,1970,1,1,3,0.75,1.5,2,-0.47794693094837976,-0.9558938618967595,2,11.0,22,2,0.75,0.75,1,-0.47794693094837976,-0.47794693094837976,1,11.0,11,1,0.75,0.75,1,-0.47794693094837976,-0.47794693094837976,1,11.0,11,1
MEDCHAL,QUTUBULLAPUR,BOWRAMPET,LUVIT INTERIOR DESIGN STUDIO,ALUMINIUM UTENSILS FROM ALUMINIUM CIRCLES BY PRESSING ONLY (DRY MECHANICAL OPERATION),ENGINEERING,0.1,10,2025-08-23,,YET TO START CONSTRUCTION,YES,OBC,-0.8222799684935107,3,15,21,21,14,5,9,1970-01-01 00:00:00.000000018,1970-01-01 00:00:00.000000005,0,0,1,2025,8,23,5,,,,,1970,1,1,3,1970,1,1,3,1.2626315789473683,23.99,19,-0.20638387137837358,-3.9212935561890983,19,3.0,57,19,0.8544375,6.8355,8,-0.42262188231973413,-3.380975058557873,8,3.0,24,8,0.1,0.1,1,-0.8222799684935107,-0.8222799684935107,1,3.0,3,1
MAHABUBABAD,KESAMUDRAM,TALLAPOOSAPALLE,M/S GREEN FIELD AGRO INDUSTRIES,RICE MILL (RICE HULLERS ONLY),FOOD PROCESSING,1.15,9,2025-08-06,,YET TO START CONSTRUCTION,YES,OBC,-0.26604967707445304,6,21,22,22,7,1,12,1970-01-01 00:00:00.000000019,1970-01-01 00:00:00.000000005,0,0,1,2025,8,6,2,,,,,1970,1,1,3,1970,1,1,3,2.38934375,19.11475,8,0.39048416600258307,3.1238733280206645,8,6.0,48,8,1.65,8.25,5,-0.0011781097320445009,-0.005890548660222504,5,6.0,30,5,1.15,1.15,1,-0.26604967707445304,-0.26604967707445304,1,6.0,6,1
NALGONDA,NARKETPALLE,THONDALVAI,M/S. SRI SHIVA SAI VINAYAKA RICE MILL,RICE MILL (RICE HULLERS ONLY),FOOD PROCESSING,0.7,15,2025-08-23,,YET TO START CONSTRUCTION,YES,GENERAL,-0.5044340876826207,8,22,23,23,7,1,13,1970-01-01 00:00:00.000000018,1970-01-01 00:00:00.000000005,0,0,0,2025,8,23,5,,,,,1970,1,1,3,1970,1,1,3,0.3072,0.9216,3,-0.7125171909868167,-2.13755157296045,3,8.0,24,3,0.7,0.7,1,-0.5044340876826207,-0.5044340876826207,1,8.0,8,1,0.7,0.7,1,-0.5044340876826207,-0.5044340876826207,1,8.0,8,1
BHUPALPALLY,CHITYAL,NAIN PAKA,M/S SUVEN AGRO INDUSTRIES PRIVATE LIMITED,VEGETABLE OIL MANUFACTURING SOLVENT EXTRACTION AND REFINERY /HYDROGENATED OILS,FOOD PROCESSING,5.72725,50,2025-08-12,,YET TO START CONSTRUCTION,YES,GENERAL,2.158717086161625,12,23,24,24,15,1,14,1970-01-01 00:00:00.000000020,1970-01-01 00:00:00.000000005,0,0,0,2025,8,12,1,,,,,1970,1,1,3,1970,1,1,3,2.921125,5.84225,2,0.6721916323441933,1.3443832646883866,2,12.0,24,2,5.72725,5.72725,1,2.158717086161625,2.158717086161625,1,12.0,12,1,5.72725,5.72725,1,2.158717086161625,2.158717086161625,1,12.0,12,1
SANGAREDDY,JINNARAM,ALINAGAR,M/S SD ENTERPRISES,ENGINEERING AND FABRICATION UNITS (DRY PROCESS WITHOUT ANY HEAT TREATMENT / METAL SURFACE FINISHING OPERATIONS / PAINTING),ENGINEERING,4.5,10,2024-05-04,,YET TO START CONSTRUCTION,YES,GENERAL,1.5085898241196838,13,24,25,25,5,5,9,1970-01-01 00:00:00.000000021,1970-01-01 00:00:00.000000006,0,0,0,2024,5,4,5,,,,,1970,1,1,3,1970,1,1,3,1.7844541666666667,21.41345,12,0.07004806198939033,0.840576743872684,12,13.0,156,12,2.8893125,11.55725,4,0.6553391788720326,2.6213567154881305,4,13.0,52,4,4.5,4.5,1,1.5085898241196838,1.5085898241196838,1,13.0,13,1
VIKARABAD,PUDUR,MANNEGUDA (SARECAS),KU-DAS PIPES AND FITTINGS,RUBBER GOODS INDUSTRY (WITH GAS OPERATED BABY BOILER),PLASTIC AND RUBBER,0.223,10,2025-08-21,,YET TO START CONSTRUCTION,YES,GENERAL,-0.7571215629272782,4,25,26,26,16,11,9,1970-01-01 00:00:00.000000012,1970-01-01 00:00:00.000000006,0,0,0,2025,8,21,3,,,,,1970,1,1,3,1970,1,1,3,0.9162399999999999,4.5812,5,-0.3898824322383757,-1.9494121611918787,5,4.0,20,5,0.223,0.223,1,-0.7571215629272782,-0.7571215629272782,1,4.0,4,1,0.223,0.223,1,-0.7571215629272782,-0.7571215629272782,1,4.0,4,1
MEDCHAL,QUTUBULLAPUR,JEEDIMETLA,BHAGYANAGAR STEEL INDUSTRIES,ENGINEERING AND FABRICATION UNITS (DRY PROCESS WITHOUT ANY HEAT TREATMENT / METAL SURFACE FINISHING OPERATIONS / PAINTING),ENGINEERING,0.55,10,2025-07-24,,YET TO START CONSTRUCTION,YES,OBC,-0.5838955578853431,3,15,15,27,5,5,9,1970-01-01 00:00:00.000000022,1970-01-01 00:00:00.000000006,0,0,1,2025,7,24,3,,,,,1970,1,1,3,1970,1,1,3,1.2626315789473683,23.99,19,-0.20638387137837358,-3.9212935561890983,19,3.0,57,19,0.8544375,6.8355,8,-0.42262188231973413,-3.380975058557873,8,3.0,24,8,1.0658333333333334,6.3950000000000005,6,-0.31063639091042505,-1.8638183454625503,6,3.0,18,6
WARANGAL,GEESUGONDA,GORREKUNTA (RURAL),""" M/S KAVYA POLYMERS",POLYTHENE AND PLASTIC PROCESSED PRODUCTS MANUFACTURING(VIRGIN PLASTIC),PLASTIC AND RUBBER,0.33,9,2025-08-19,,YET TO START CONSTRUCTION,YES,OBC,-0.7004390475160028,10,18,18,28,17,11,12,1970-01-01 00:00:00.000000008,1970-01-01 00:00:00.000000006,0,0,1,2025,8,19,1,,,,,1970,1,1,3,1970,1,1,3,1.2533277777777778,11.27995,9,-0.21131249617443681,-1.9018124655699313,9,10.0,90,9,2.0784166666666666,6.23525,3,0.22577267821917577,0.6773180346575273,3,10.0,30,3,3.028625,6.05725,2,0.7291390193228111,1.4582780386456222,2,10.0,20,2
SIRCILLA,MUSTABAD,MUSTABAD,M/S. SRINIVASA INDUSTRIES,PARBOILED RICE MILLS,FOOD PROCESSING,2.2,25,2025-08-08,,YET TO START CONSTRUCTION,YES,GENERAL,0.2901806143446049,14,26,27,29,18,1,15,1970-01-01 00:00:00.000000017,1970-01-01 00:00:00.000000007,0,0,0,2025,8,8,4,,,,,1970,1,1,3,1970,1,1,3,0.708925,2.8357,4,-0.49970613020555854,-1.9988245208222342,4,14.0,56,4,2.2,2.2,1,0.2901806143446049,0.2901806143446049,1,14.0,14,1,2.2,2.2,1,0.2901806143446049,0.2901806143446049,1,14.0,14,1
MAHABUBABAD,GUDUR,GOVINDAPUR,PRIME AGRO INDUSTRIES,PARBOILED RICE MILLS,FOOD PROCESSING,5.0675,15,2025-07-31,,YET TO START CONSTRUCTION,YES,GENERAL,1.8092190530533172,6,27,28,30,18,1,13,1970-01-01 00:00:00.000000000,1970-01-01 00:00:00.000000007,0,0,0,2025,7,31,3,,,,,1970,1,1,3,1970,1,1,3,2.38934375,19.11475,8,0.39048416600258307,3.1238733280206645,8,6.0,48,8,5.0675,5.0675,1,1.8092190530533172,1.8092190530533172,1,6.0,6,1,5.0675,5.0675,1,1.8092190530533172,1.8092190530533172,1,6.0,6,1
JAGTIAL,BUGGARAM,BUGGARAM,"KRISHNIKA AGRO INDUSTRIES,",PARBOILED RICE MILLS,FOOD PROCESSING,3.5455,50,2025-08-10,,YET TO START CONSTRUCTION,YES,GENERAL,1.002950002063026,15,28,29,31,18,1,14,1970-01-01 00:00:00.000000023,1970-01-01 00:00:00.000000007,0,0,0,2025,8,10,6,,,,,1970,1,1,3,1970,1,1,3,1.57425,9.4455,6,-0.04130615218441944,-0.24783691310651662,6,15.0,90,6,3.5455,3.5455,1,1.002950002063026,1.002950002063026,1,15.0,15,1,3.5455,3.5455,1,1.002950002063026,1.002950002063026,1,15.0,15,1
MEDAK,YELDURTHY,RAMANTHAPUR,VESTRO LABS PVT LTD,ORGANIC CHEMICALSMANUFACTURING,PHARMACEUTICALS AND CHEMICALS,1.25,20,2025-07-22,,YET TO START CONSTRUCTION,YES,GENERAL,-0.2130753636059713,16,29,30,32,19,10,2,1970-01-01 00:00:00.000000024,1970-01-01 00:00:00.000000007,0,0,0,2025,7,22,1,,,,,1970,1,1,3,1970,1,1,3,2.03545,10.177249999999999,5,0.20301138153221815,1.0150569076610907,5,16.0,80,5,1.25,1.25,1,-0.2130753636059713,-0.2130753636059713,1,16.0,16,1,1.25,1.25,1,-0.2130753636059713,-0.2130753636059713,1,16.0,16,1
NARAYANPET,MAGANOOR,YABANDODDI,SRI LAKSHMI AGROTECH,PARBOILED RICE MILLS,FOOD PROCESSING,0.95,10,2025-08-23,,YET TO START CONSTRUCTION,YES,OBC,-0.37199830401141637,17,30,31,33,18,1,9,1970-01-01 00:00:00.000000018,1970-01-01 00:00:00.000000007,0,0,1,2025,8,23,5,,,,,1970,1,1,3,1970,1,1,3,3.5930625,14.37225,4,1.0281459099064725,4.11258363962589,4,17.0,68,4,0.95,0.95,1,-0.37199830401141637,-0.37199830401141637,1,17.0,17,1,0.95,0.95,1,-0.37199830401141637,-0.37199830401141637,1,17.0,17,1
VIKARABAD,DOULATHABAD,MATOOR,SRI LAXMI VENKATESHWARA INDUSTRIES,RICE MILL (RICE HULLERS ONLY),FOOD PROCESSING,1.725,10,2025-08-04,,YET TO START CONSTRUCTION,YES,OBC,0.03855262536931681,4,31,32,34,7,1,9,1970-01-01 00:00:00.000000010,1970-01-01 00:00:00.000000007,0,0,1,2025,8,4,0,,,,,1970,1,1,3,1970,1,1,3,0.9162399999999999,4.5812,5,-0.3898824322383757,-1.9494121611918787,5,4.0,20,5,1.725,1.725,1,0.03855262536931681,0.03855262536931681,1,4.0,4,1,1.725,1.725,1,0.03855262536931681,0.03855262536931681,1,4.0,4,1
SURYAPET,SURYAPET,SURYAPET,AGRO NXT,"AUTOMOBILE SERVICING, REPAIRING ANDPAINTING (EXCLUDING ONLY FUEL DISPENSING)",ENGINEERING,0.7,9,2025-07-10,,YET TO START CONSTRUCTION,YES,GENERAL,-0.5044340876826207,18,32,33,35,20,5,12,1970-01-01 00:00:00.000000025,1970-01-01 00:00:00.000000007,0,0,0,2025,7,10,3,,,,,1970,1,1,3,1970,1,1,3,2.73367,13.66835,5,0.572888633031851,2.864443165159255,5,18.0,90,5,0.75845,1.5169,2,-0.4734706014602931,-0.9469412029205861,2,18.0,36,2,0.7,0.7,1,-0.5044340876826207,-0.5044340876826207,1,18.0,18,1
MEDCHAL,QUTUBULLAPUR,GAJULARAMARAM,RELIANCE BATTERY PRIVATE LIMITED,ELECTRICAL AND ELECTRONIC ITEM ASSEMBLING ( COMPLETELY DRY PROCESS),ELECTRICAL AND ELECTRONIC PRODUCTS,0.3405,10,2025-07-09,,YET TO START CONSTRUCTION,YES,OBC,-0.6948767446018123,3,15,34,36,21,12,9,1970-01-01 00:00:00.000000026,1970-01-01 00:00:00.000000007,0,0,1,2025,7,9,2,,,,,1970,1,1,3,1970,1,1,3,1.2626315789473683,23.99,19,-0.20638387137837358,-3.9212935561890983,19,3.0,57,19,0.8544375,6.8355,8,-0.42262188231973413,-3.380975058557873,8,3.0,24,8,0.3405,0.3405,1,-0.6948767446018123,-0.6948767446018123,1,3.0,3,1
JANGAON,NARMETTA,NARMETTA,VEERABHADRA WATER PLANT,MINERALIZED WATER,BEVERAGES,0.04,1,2025-08-20,,YET TO START CONSTRUCTION,YES,OBC,-0.8540645565745998,19,33,35,37,22,13,0,1970-01-01 00:00:00.000000027,1970-01-01 00:00:00.000000007,0,0,1,2025,8,20,2,,,,,1970,1,1,3,1970,1,1,3,0.4178,2.089,5,-0.653927600290676,-3.2696380014533797,5,19.0,95,5,0.04,0.04,1,-0.8540645565745998,-0.8540645565745998,1,19.0,19,1,0.04,0.04,1,-0.8540645565745998,-0.8540645565745998,1,19.0,19,1
RANGAREDDY,ABDULLAPURMET,THARAMATHIPET,SRI SIDDESHWARA SWAMY INFRA CONCRETE,READY MIX CEMENT CONCRETE,"CEMENT, CEMENT & CONCRETE PRODUCTS, FLY ASH BRICKS",0.75,10,2025-08-09,,YET TO START CONSTRUCTION,YES,GENERAL,-0.47794693094837976,9,34,36,38,23,4,9,1970-01-01 00:00:00.000000028,1970-01-01 00:00:00.000000007,0,0,0,2025,8,9,5,,,,,1970,1,1,3,1970,1,1,3,3.2394545454545454,71.268,22,0.8408245236160773,18.4981395195537,22,9.0,198,22,0.75,0.75,1,-0.47794693094837976,-0.47794693094837976,1,9.0,9,1,0.75,0.75,1,-0.47794693094837976,-0.47794693094837976,1,9.0,9,1
NIZAMABAD,KOTGIRI,BAREEDPUR,M/S. ANJANI PUTRA AGRO INDUSTRIES.,RICE MILL (RICE HULLERS ONLY),FOOD PROCESSING,0.25,8,2025-08-12,,YET TO START CONSTRUCTION,YES,GENERAL,-0.7428184982907882,20,35,37,39,7,1,5,1970-01-01 00:00:00.000000020,1970-01-01 00:00:00.000000007,0,0,0,2025,8,12,1,,,,,1970,1,1,3,1970,1,1,3,1.6548571428571428,11.584,7,0.0013949283507103591,0.009764498454972514,7,20.0,140,7,2.042,4.084,2,0.20648119906440376,0.41296239812880753,2,20.0,40,2,0.25,0.25,1,-0.7428184982907882,-0.7428184982907882,1,20.0,20,1
NIZAMABAD,BODHAN,BODHAN (R),M/S ADITHYA INDUSTRIE,RICE MILL (RICE HULLERS ONLY),FOOD PROCESSING,0.2,10,2025-08-15,,YET TO START CONSTRUCTION,YES,GENERAL,-0.7693056550250291,20,36,38,40,7,1,9,1970-01-01 00:00:00.000000011,1970-01-01 00:00:00.000000007,0,0,0,2025,8,15,4,,,,,1970,1,1,3,1970,1,1,3,1.6548571428571428,11.584,7,0.0013949283507103591,0.009764498454972514,7,20.0,140,7,0.2,0.2,1,-0.7693056550250291,-0.7693056550250291,1,20.0,20,1,0.2,0.2,1,-0.7693056550250291,-0.7693056550250291,1,20.0,20,1
NARAYANPET,MARIKAL,CHITTANUR,TIRUMALA INDUSTRIES,RICE MILL (RICE HULLERS ONLY),FOOD PROCESSING,2.845,10,2025-08-02,,YET TO START CONSTRUCTION,YES,GENERAL,0.6318649362163118,17,37,39,41,7,1,9,1970-01-01 00:00:00.000000029,1970-01-01 00:00:00.000000008,0,0,0,2025,8,2,5,,,,,1970,1,1,3,1970,1,1,3,3.5930625,14.37225,4,1.0281459099064725,4.11258363962589,4,17.0,68,4,2.845,2.845,1,0.6318649362163118,0.6318649362163118,1,17.0,17,1,2.845,2.845,1,0.6318649362163118,0.6318649362163118,1,17.0,17,1
NARAYANPET,NARWA,LANKAL,RAMAKRISHNA COTEX,COTTON SEED GINNING / DE-LINTING BY MECHANICAL MEANS,OTHERS,5.72725,20,2025-08-10,,YET TO START CONSTRUCTION,YES,GENERAL,2.158717086161625,17,38,40,42,24,14,2,1970-01-01 00:00:00.000000023,1970-01-01 00:00:00.000000008,0,0,0,2025,8,10,6,,,,,1970,1,1,3,1970,1,1,3,3.5930625,14.37225,4,1.0281459099064725,4.11258363962589,4,17.0,68,4,5.288625,10.57725,2,1.9263585037104973,3.8527170074209947,2,17.0,34,2,5.72725,5.72725,1,2.158717086161625,2.158717086161625,1,17.0,17,1
SANGAREDDY,JINNARAM,GADDAPOTHARAM,M/S. AET LABORATORIES PVT LTD,PHARMACEUTICAL FORMULATION AND FOR R & D PURPOSE (FOR SUSTAINED RELEASE/EXTENDED RELEASE OF DRUGS ONLY AND NOT FOR COMMERCIAL PURPOSE),R&D,5.72725,345,2025-03-19,,YET TO START CONSTRUCTION,YES,GENERAL,2.158717086161625,13,24,41,43,3,3,16,1970-01-01 00:00:00.000000030,1970-01-01 00:00:00.000000008,0,0,0,2025,3,19,2,,,,,1970,1,1,3,1970,1,1,3,1.7844541666666667,21.41345,12,0.07004806198939033,0.840576743872684,12,13.0,156,12,2.8893125,11.55725,4,0.6553391788720326,2.6213567154881305,4,13.0,52,4,5.72725,5.72725,1,2.158717086161625,2.158717086161625,1,13.0,13,1
RANGAREDDY,NANDIGAMA,NANDIGAMA,PANCHRATNA PACKAGING,"GRAVURE PRINTING, DIGITAL PRINTING ON FLEX, VINYL",PAPER AND PRINTING,4.75,40,2025-07-19,,YET TO START CONSTRUCTION,YES,GENERAL,1.641025607790888,9,12,42,44,25,6,17,1970-01-01 00:00:00.000000031,1970-01-01 00:00:00.000000008,0,0,0,2025,7,19,5,,,,,1970,1,1,3,1970,1,1,3,3.2394545454545454,71.268,22,0.8408245236160773,18.4981395195537,22,9.0,198,22,4.271208333333333,25.62725,6,1.38738900942992,8.32433405657952,6,9.0,54,6,4.12545,20.62725,5,1.3101745330234855,6.550872665117428,5,9.0,45,5
NIZAMABAD,NANDIPET,JOORPUR,M/S SRI PURNIMA AGRO INDUSTRIE'S,PARBOILED RICE MILLS,FOOD PROCESSING,3.2,20,2024-04-01,,YET TO START CONSTRUCTION,YES,GENERAL,0.8199237490294219,20,39,43,45,18,1,2,1970-01-01 00:00:00.000000032,1970-01-01 00:00:00.000000008,0,0,0,2024,4,1,0,,,,,1970,1,1,3,1970,1,1,3,1.6548571428571428,11.584,7,0.0013949283507103591,0.009764498454972514,7,20.0,140,7,3.2,3.2,1,0.8199237490294219,0.8199237490294219,1,20.0,20,1,3.2,3.2,1,0.8199237490294219,0.8199237490294219,1,20.0,20,1
SIRCILLA,YELLAREDDIPET,VENKATAPURAM,M/S. MADHU GENERAL ENGINEERING WORK SHOP,ENGINEERING AND FABRICATION UNITS (DRY PROCESS WITHOUT ANY HEAT TREATMENT / METAL SURFACE FINISHING OPERATIONS / PAINTING),ENGINEERING,0.16,4,2025-08-10,,YET TO START CONSTRUCTION,YES,OBC,-0.7904953804124217,14,40,44,46,5,5,11,1970-01-01 00:00:00.000000023,1970-01-01 00:00:00.000000008,0,0,1,2025,8,10,6,,,,,1970,1,1,3,1970,1,1,3,0.708925,2.8357,4,-0.49970613020555854,-1.9988245208222342,4,14.0,56,4,0.16,0.16,1,-0.7904953804124217,-0.7904953804124217,1,14.0,14,1,0.16,0.16,1,-0.7904953804124217,-0.7904953804124217,1,14.0,14,1
MEDCHAL,QUTUBULLAPUR,JEEDIMETLA,POOJA GOYAL,ENGINEERING AND FABRICATION UNITS (DRY PROCESS WITHOUT ANY HEAT TREATMENT / METAL SURFACE FINISHING OPERATIONS / PAINTING),ENGINEERING,0.105,5,2025-08-20,,YET TO START CONSTRUCTION,YES,GENERAL,-0.8196312528200866,3,15,15,47,5,5,4,1970-01-01 00:00:00.000000027,1970-01-01 00:00:00.000000008,0,0,0,2025,8,20,2,,,,,1970,1,1,3,1970,1,1,3,1.2626315789473683,23.99,19,-0.20638387137837358,-3.9212935561890983,19,3.0,57,19,0.8544375,6.8355,8,-0.42262188231973413,-3.380975058557873,8,3.0,24,8,1.0658333333333334,6.3950000000000005,6,-0.31063639091042505,-1.8638183454625503,6,3.0,18,6
MAHABUBABAD,KESAMUDRAM,KESAMUDRAM,M/S SRI LAXMINIVASA RICE INDUSTRIES.,RICE MILL (RICE HULLERS ONLY),FOOD PROCESSING,1.35,9,2025-07-31,,YET TO START CONSTRUCTION,YES,GENERAL,-0.16010105013748954,6,21,45,48,7,1,12,1970-01-01 00:00:00.000000000,1970-01-01 00:00:00.000000008,0,0,0,2025,7,31,3,,,,,1970,1,1,3,1970,1,1,3,2.38934375,19.11475,8,0.39048416600258307,3.1238733280206645,8,6.0,48,8,1.65,8.25,5,-0.0011781097320445009,-0.005890548660222504,5,6.0,30,5,1.375,2.75,2,-0.14685747177036917,-0.29371494354073835,2,6.0,12,2
HYDERABAD,SECUNDERABAD,SECUNDERABAD,SURYA HALLMARKING CENTER,"GOLD AND SILVER SMITHY (PURIFICATION WITH ACID, SMELTING OPERATING AND SULFURIC ACIDPOLISHING OPERATION) (USING LESS THAN OR EQUAL TO 1 LITRE OF SULPHURIC ACID / NITRIC ACID PERMONTH.",ENGINEERING,0.1,2,2025-08-08,,YET TO START CONSTRUCTION,YES,GENERAL,-0.8222799684935107,21,41,46,49,26,5,8,1970-01-01 00:00:00.000000017,1970-01-01 00:00:00.000000008,0,0,0,2025,8,8,4,,,,,1970,1,1,3,1970,1,1,3,0.275,0.55,2,-0.7295749199236679,-1.4591498398473357,2,21.0,42,2,0.1,0.1,1,-0.8222799684935107,-0.8222799684935107,1,21.0,21,1,0.1,0.1,1,-0.8222799684935107,-0.8222799684935107,1,21.0,21,1
KARIMNAGAR,KOTHAPALLY,KHAZIPUR,GAJANANA GRANITES INDUSTRIES,GRANITE / STONE CUTTING AND POLISHING,OTHERS,0.95,10,2025-08-16,,YET TO START CONSTRUCTION,YES,OBC,-0.37199830401141637,22,42,47,50,27,14,9,1970-01-01 00:00:00.000000033,1970-01-01 00:00:00.000000008,0,0,1,2025,8,16,5,,,,,1970,1,1,3,1970,1,1,3,0.95,0.95,1,-0.37199830401141637,-0.37199830401141637,1,22.0,22,1,0.95,0.95,1,-0.37199830401141637,-0.37199830401141637,1,22.0,22,1,0.95,0.95,1,-0.37199830401141637,-0.37199830401141637,1,22.0,22,1
KHAMMAM,PENUBALLI,KARAIGUDEM,SRI SAI RAM SEEDS,COB DRYING (FUEL CONSUMPTION MORE THAN 12 TPD),OTHERS,5.72725,25,2025-07-26,,YET TO START CONSTRUCTION,YES,GENERAL,2.158717086161625,23,43,48,51,28,14,15,1970-01-01 00:00:00.000000034,1970-01-01 00:00:00.000000009,0,0,0,2025,7,26,5,,,,,1970,1,1,3,1970,1,1,3,1.6039375,6.41575,4,-0.02557940287346394,-0.10231761149385576,4,23.0,92,4,5.72725,5.72725,1,2.158717086161625,2.158717086161625,1,23.0,23,1,5.72725,5.72725,1,2.158717086161625,2.158717086161625,1,23.0,23,1
YADADRI,BIBINAGAR,RAIRAOPET,VIJAYA MINING AND DRILLING SYSTEMS,ENGINEERING AND FABRICATION UNITS (DRY PROCESS WITHOUT ANY HEAT TREATMENT / METAL SURFACE FINISHING OPERATIONS / PAINTING),ENGINEERING,0.9938,8,2025-07-29,,YET TO START CONSTRUCTION,YES,OBC,-0.34879555471222135,5,5,5,52,5,5,5,1970-01-01 00:00:00.000000035,1970-01-01 00:00:00.000000009,0,0,1,2025,7,29,1,,,,,1970,1,1,3,1970,1,1,3,0.6163333333333333,5.547,9,-0.5487559299512503,-4.938803369561253,9,5.0,45,9,0.8178333333333333,4.907,6,-0.4420126883122597,-2.6520761298735582,6,5.0,30,6,0.8178333333333333,4.907,6,-0.4420126883122597,-2.6520761298735582,6,5.0,30,6
HANUMAKONDA,HASANPARTHY,YELLAPUR,ANANTHSAGAR TILES,MINERAL STACK YARD / RAILWAY SIDINGS,OTHERS,0.4976,9,2024-07-15,,YET TO START CONSTRUCTION,YES,OBC,-0.6116540981428276,24,44,49,53,29,14,12,1970-01-01 00:00:00.000000036,1970-01-01 00:00:00.000000009,0,0,1,2024,7,15,0,,,,,1970,1,1,3,1970,1,1,3,0.2888,0.5776,2,-0.7222644646650174,-1.4445289293300347,2,24.0,48,2,0.4976,0.4976,1,-0.6116540981428276,-0.6116540981428276,1,24.0,24,1,0.4976,0.4976,1,-0.6116540981428276,-0.6116540981428276,1,24.0,24,1
SIDDIPET,KONDAPAK,KUKNURPALLE,KOLA ANJANEYULU GODOWN,"FACILITY OF HANDLING, STORAGE AND TRANSPORTATION OF FOOD GRAINS IN BULK",AGRO BASED INCL COLD STORAGES,0.65,1,2025-08-14,,YET TO START CONSTRUCTION,YES,OBC,-0.5309212444168615,0,45,50,54,30,0,0,1970-01-01 00:00:00.000000007,1970-01-01 00:00:00.000000009,0,0,1,2025,8,14,3,,,,,1970,1,1,3,1970,1,1,3,0.6721125,5.3769,8,-0.5192072993511434,-4.153658394809147,8,0.0,0,8,0.45,0.9,2,-0.6368698713538248,-1.2737397427076496,2,0.0,0,2,0.65,0.65,1,-0.5309212444168615,-0.5309212444168615,1,0.0,0,1
PEDDAPALLI,MUTHARAM (MANTHANI),KESANAPALLE,M/S. RADHA KRISHNA RICE MILL,RICE MILL (RICE HULLERS ONLY),FOOD PROCESSING,0.75,12,2025-04-27,,YET TO START CONSTRUCTION,YES,OBC,-0.47794693094837976,1,46,51,55,7,1,6,1970-01-01 00:00:00.000000037,1970-01-01 00:00:00.000000009,0,0,1,2025,4,27,6,,,,,1970,1,1,3,1970,1,1,3,0.905,3.62,4,-0.3958367450722331,-1.5833469802889324,4,1.0,4,4,0.46,0.92,2,-0.6315724400069767,-1.2631448800139533,2,1.0,2,2,0.75,0.75,1,-0.47794693094837976,-0.47794693094837976,1,1.0,1,1
NIRMAL,KHANAPUR,SATHNAPALLE,M/S. SRI LAXMI NARASIMHA MODERN RICE MILL,RICE MILL (RICE HULLERS ONLY),FOOD PROCESSING,0.75,12,2025-08-06,,YET TO START CONSTRUCTION,YES,OBC,-0.47794693094837976,11,47,52,56,7,1,6,1970-01-01 00:00:00.000000019,1970-01-01 00:00:00.000000009,0,0,1,2025,8,6,2,,,,,1970,1,1,3,1970,1,1,3,0.75,1.5,2,-0.47794693094837976,-0.9558938618967595,2,11.0,22,2,0.75,0.75,1,-0.47794693094837976,-0.47794693094837976,1,11.0,11,1,0.75,0.75,1,-0.47794693094837976,-0.47794693094837976,1,11.0,11,1
JANGAON,JANGAON,OBLAKESHVAPUR,SIDDESHWARA MINERAL WATER PLANT,MINERALIZED WATER,BEVERAGES,0.029,1,2025-08-11,,YET TO START CONSTRUCTION,YES,OBC,-0.8598917310561328,19,48,53,57,22,13,0,1970-01-01 00:00:00.000000038,1970-01-01 00:00:00.000000009,0,0,1,2025,8,11,0,,,,,1970,1,1,3,1970,1,1,3,0.4178,2.089,5,-0.653927600290676,-3.2696380014533797,5,19.0,95,5,0.029,0.029,1,-0.8598917310561328,-0.8598917310561328,1,19.0,19,1,0.029,0.029,1,-0.8598917310561328,-0.8598917310561328,1,19.0,19,1
KHAMMAM,KHAMMAM (URBAN),KHANAPURAM (HAVELI),MAHAVEER ICE CREAM,ICE CREAM,BEVERAGES,0.2489,6,2025-08-14,,YET TO START CONSTRUCTION,YES,GENERAL,-0.7434012157389416,23,49,54,58,31,13,3,1970-01-01 00:00:00.000000007,1970-01-01 00:00:00.000000009,0,0,0,2025,8,14,3,,,,,1970,1,1,3,1970,1,1,3,1.6039375,6.41575,4,-0.02557940287346394,-0.10231761149385576,4,23.0,92,4,0.32675,0.6535,2,-0.7021607127037286,-1.4043214254074572,2,23.0,46,2,0.2489,0.2489,1,-0.7434012157389416,-0.7434012157389416,1,23.0,23,1
WARANGAL,GEESUGONDA,DHARMARAM,CHANDRA SHEKAR TUNGA GAS GODOWN,"LUBRICATING OIL, GREASES OR PETROLEUM BASED PRODUCTS (ONLY BLENDING AT NOMAD TEMPERATURE)",PHARMACEUTICALS AND CHEMICALS,0.178,9,2025-04-24,,YET TO START CONSTRUCTION,YES,SC,-0.7809600039880951,10,18,55,59,32,10,12,1970-01-01 00:00:00.000000039,1970-01-01 00:00:00.000000009,0,0,2,2025,4,24,3,,,,,1970,1,1,3,1970,1,1,3,1.2533277777777778,11.27995,9,-0.21131249617443681,-1.9018124655699313,9,10.0,90,9,2.0784166666666666,6.23525,3,0.22577267821917577,0.6773180346575273,3,10.0,30,3,0.178,0.178,1,-0.7809600039880951,-0.7809600039880951,1,10.0,10,1
WARANGAL,WARDHANNA PET,WARDHANNAPET,KISAN DAIRY FARM,DAIRY AND DAIRY PRODUCTS ( SMALL SCALE),FOOD PROCESSING,0.3,7,2025-08-12,,YET TO START CONSTRUCTION,YES,OBC,-0.7163313415565473,10,50,56,60,33,1,18,1970-01-01 00:00:00.000000020,1970-01-01 00:00:00.000000009,0,0,1,2025,8,12,1,,,,,1970,1,1,3,1970,1,1,3,1.2533277777777778,11.27995,9,-0.21131249617443681,-1.9018124655699313,9,10.0,90,9,0.32499999999999996,0.6499999999999999,2,-0.7030877631894269,-1.4061755263788538,2,10.0,20,2,0.32499999999999996,0.6499999999999999,2,-0.7030877631894269,-1.4061755263788538,2,10.0,20,2
SANGAREDDY,JINNARAM,BOLLARAM,"M/S. ANMOL POLYMERS PVT LTD, (FORMERLY M/S.SAI TE",PHARMACEUTICAL FORMULATION AND FOR R & D PURPOSE (FOR SUSTAINED RELEASE/EXTENDED RELEASE OF DRUGS ONLY AND NOT FOR COMMERCIAL PURPOSE),R&D,1.08,43,2025-07-03,,YET TO START CONSTRUCTION,YES,GENERAL,-0.30313169650239014,13,24,57,61,3,3,19,1970-01-01 00:00:00.000000040,1970-01-01 00:00:00.000000010,0,0,0,2025,7,3,3,,,,,1970,1,1,3,1970,1,1,3,1.7844541666666667,21.41345,12,0.07004806198939033,0.840576743872684,12,13.0,156,12,2.8893125,11.55725,4,0.6553391788720326,2.6213567154881305,4,13.0,52,4,1.08,1.08,1,-0.30313169650239014,-0.30313169650239014,1,13.0,13,1
SIDDIPET,WARGAL,VELURU,RAMALINGESHWARA RICE INDUSTRY,RICE MILL (RICE HULLERS ONLY),FOOD PROCESSING,0.95,10,2025-08-06,,YET TO START CONSTRUCTION,YES,OBC,-0.37199830401141637,0,51,58,62,7,1,9,1970-01-01 00:00:00.000000019,1970-01-01 00:00:00.000000010,0,0,1,2025,8,6,2,,,,,1970,1,1,3,1970,1,1,3,0.6721125,5.3769,8,-0.5192072993511434,-4.153658394809147,8,0.0,0,8,1.2,2.4,2,-0.23956252034021214,-0.4791250406804243,2,0.0,0,2,0.95,0.95,1,-0.37199830401141637,-0.37199830401141637,1,0.0,0,1
RANGAREDDY,KOTHUR,THIMMAPUR,COCOATINI CHOCOLATIERS,"CHLORATES, PER-CHLORATES &PEROXIDES",PHARMACEUTICALS AND CHEMICALS,0.868,5,2025-07-16,,YET TO START CONSTRUCTION,YES,OBC,-0.41543724105557134,9,52,59,63,34,10,4,1970-01-01 00:00:00.000000003,1970-01-01 00:00:00.000000010,0,0,1,2025,7,16,2,,,,,1970,1,1,3,1970,1,1,3,3.2394545454545454,71.268,22,0.8408245236160773,18.4981395195537,22,9.0,198,22,0.868,0.868,1,-0.41543724105557134,-0.41543724105557134,1,9.0,9,1,0.868,0.868,1,-0.41543724105557134,-0.41543724105557134,1,9.0,9,1
WANAPARTHY,PEBBAIR,RANGAPUR,ALLIED BLENDERS AND DISTILLERS LTD.,DISTILLERY ( MOLASSES / GRAIN /YEAST BASED),BEVERAGES,5.72725,15,2025-05-14,,YET TO START CONSTRUCTION,YES,GENERAL,2.158717086161625,25,53,60,64,35,13,13,1970-01-01 00:00:00.000000041,1970-01-01 00:00:00.000000010,0,0,0,2025,5,14,2,,,,,1970,1,1,3,1970,1,1,3,2.5040833333333334,7.51225,3,0.4512666725500128,1.3538000176500384,3,25.0,75,3,5.72725,5.72725,1,2.158717086161625,2.158717086161625,1,25.0,25,1,5.72725,5.72725,1,2.158717086161625,2.158717086161625,1,25.0,25,1
SURYAPET,MATTAM PALLE,PEDDAVEEDU,NGS WHITE CEMENTS AP PVT LTD,CEMENT,"CEMENT, CEMENT & CONCRETE PRODUCTS, FLY ASH BRICKS",5.72725,75,2025-05-14,,YET TO START CONSTRUCTION,YES,GENERAL,2.158717086161625,18,54,61,65,4,4,20,1970-01-01 00:00:00.000000041,1970-01-01 00:00:00.000000010,0,0,0,2025,5,14,2,,,,,1970,1,1,3,1970,1,1,3,2.73367,13.66835,5,0.572888633031851,2.864443165159255,5,18.0,90,5,5.72725,5.72725,1,2.158717086161625,2.158717086161625,1,18.0,18,1,5.72725,5.72725,1,2.158717086161625,2.158717086161625,1,18.0,18,1
MAHBUBNAGAR,BALANAGAR,GUNDED,ECOWOOD INDUSTRY,POLYTHENE AND PLASTIC PROCESSED PRODUCTS MANUFACTURING(VIRGIN PLASTIC),PLASTIC AND RUBBER,3.6,7,2025-08-02,,YET TO START CONSTRUCTION,YES,OBC,1.0318210029033485,26,55,62,66,17,11,18,1970-01-01 00:00:00.000000029,1970-01-01 00:00:00.000000011,0,0,1,2025,8,2,5,,,,,1970,1,1,3,1970,1,1,3,2.48625,4.9725,2,0.4418195866481337,0.8836391732962674,2,26.0,52,2,3.6,3.6,1,1.0318210029033485,1.0318210029033485,1,26.0,26,1,3.6,3.6,1,1.0318210029033485,1.0318210029033485,1,26.0,26,1
MEDCHAL,MEDCHAL,MEDCHAL,M/S.MARUDHAR ENTERPRISES.,"FORMULATION/PALLETIZATION OF CAMPHOR TABLETS,NAPHTHALENE BALLS FROM CAMPHOR/ NAPHTHALENE POWDERS",PHARMACEUTICALS AND CHEMICALS,0.2,2,2025-07-16,,YET TO START CONSTRUCTION,YES,GENERAL,-0.7693056550250291,3,7,63,67,36,10,8,1970-01-01 00:00:00.000000003,1970-01-01 00:00:00.000000011,0,0,0,2025,7,16,2,,,,,1970,1,1,3,1970,1,1,3,1.2626315789473683,23.99,19,-0.20638387137837358,-3.9212935561890983,19,3.0,57,19,2.963625,5.92725,2,0.6947057155682981,1.3894114311365962,2,3.0,6,2,0.2,0.2,1,-0.7693056550250291,-0.7693056550250291,1,3.0,3,1
KAMAREDDY,KAMAREDDY,PATHARAJAMPET,HINDUSTAN TRADERS SAW MILL & TIMBER DEPOT,SAW MILLS,WOOD AND LEATHER,0.2,6,2025-08-11,,YET TO START CONSTRUCTION,YES,OBC,-0.7693056550250291,27,56,64,68,9,8,3,1970-01-01 00:00:00.000000038,1970-01-01 00:00:00.000000011,0,0,1,2025,8,11,0,,,,,1970,1,1,3,1970,1,1,3,0.14166666666666666,0.425,3,-0.8002073378816433,-2.40062201364493,3,27.0,81,3,0.2,0.2,1,-0.7693056550250291,-0.7693056550250291,1,27.0,27,1,0.2,0.2,1,-0.7693056550250291,-0.7693056550250291,1,27.0,27,1
KAMAREDDY,TADWAI,TADWAI,SUJATHA FLOUR MILL,FLOUR MILLS (DRY PROCESS),FOOD PROCESSING,0.05,1,2025-08-06,,YET TO START CONSTRUCTION,YES,OBC,-0.8487671252277516,27,57,65,69,11,1,0,1970-01-01 00:00:00.000000019,1970-01-01 00:00:00.000000011,0,0,1,2025,8,6,2,,,,,1970,1,1,3,1970,1,1,3,0.14166666666666666,0.425,3,-0.8002073378816433,-2.40062201364493,3,27.0,81,3,0.05,0.05,1,-0.8487671252277516,-0.8487671252277516,1,27.0,27,1,0.05,0.05,1,-0.8487671252277516,-0.8487671252277516,1,27.0,27,1
JANGAON,RAGHUNATHPALLE,GOVARDHANAGIRI,M/S BHARATHI GROUP,"FISH FEED, POULTRY FEED AND CATTLE FEED",AGRO BASED INCL COLD STORAGES,0.98,15,2025-08-07,,YET TO START CONSTRUCTION,YES,GENERAL,-0.3561060099708719,19,58,66,70,37,0,13,1970-01-01 00:00:00.000000042,1970-01-01 00:00:00.000000011,0,0,0,2025,8,7,3,,,,,1970,1,1,3,1970,1,1,3,0.4178,2.089,5,-0.653927600290676,-3.2696380014533797,5,19.0,95,5,0.98,0.98,1,-0.3561060099708719,-0.3561060099708719,1,19.0,19,1,0.98,0.98,1,-0.3561060099708719,-0.3561060099708719,1,19.0,19,1
MEDAK,MANOHARABAD,KUCHARAM,M/S. INGENISIS ENGINEERING PVT. LTD.,INDUSTRY OR PROCESS INVOLVING METAL SURFACE TREATMENT OR PROCESS SUCH AS PICKLING/ ELECTROPLATING/PAINT STRIPPING/ HEAT TREATMENT USING CYANIDE BATH/ PHOSPHATING OR FINISHING AND ANODIZING / ENAMELLINGS/ GALVANIZING,OTHERS,1.5,15,2025-07-23,,YET TO START CONSTRUCTION,YES,GENERAL,-0.08063957993476704,16,59,67,71,38,14,13,1970-01-01 00:00:00.000000043,1970-01-01 00:00:00.000000012,0,0,0,2025,7,23,2,,,,,1970,1,1,3,1970,1,1,3,2.03545,10.177249999999999,5,0.20301138153221815,1.0150569076610907,5,16.0,80,5,0.775,1.55,2,-0.4647033525812593,-0.9294067051625186,2,16.0,32,2,1.5,1.5,1,-0.08063957993476704,-0.08063957993476704,1,16.0,16,1
YADADRI,BIBINAGAR,RAIRAOPET,SRI YASHODA INDUSTRIES.,ENGINEERING AND FABRICATION UNITS (DRY PROCESS WITHOUT ANY HEAT TREATMENT / METAL SURFACE FINISHING OPERATIONS / PAINTING),ENGINEERING,0.9989,10,2025-07-30,,YET TO START CONSTRUCTION,YES,GENERAL,-0.3460938647253288,5,5,5,72,5,5,9,1970-01-01 00:00:00.000000005,1970-01-01 00:00:00.000000012,0,0,0,2025,7,30,2,,,,,1970,1,1,3,1970,1,1,3,0.6163333333333333,5.547,9,-0.5487559299512503,-4.938803369561253,9,5.0,45,9,0.8178333333333333,4.907,6,-0.4420126883122597,-2.6520761298735582,6,5.0,30,6,0.8178333333333333,4.907,6,-0.4420126883122597,-2.6520761298735582,6,5.0,30,6
SANGAREDDY,PATANCHERU,PASHAMYLARAM,NIEHOFF OF INDIA PRIVATE LIMITED.,ELECTRICAL AND ELECTRONIC ITEM ASSEMBLING ( COMPLETELY DRY PROCESS),ELECTRICAL AND ELECTRONIC PRODUCTS,0.72,10,2025-07-28,,YET TO START CONSTRUCTION,YES,GENERAL,-0.49383922498892424,13,60,68,73,21,12,9,1970-01-01 00:00:00.000000044,1970-01-01 00:00:00.000000012,0,0,0,2025,7,28,0,,,,,1970,1,1,3,1970,1,1,3,1.7844541666666667,21.41345,12,0.07004806198939033,0.840576743872684,12,13.0,156,12,1.4812400000000001,7.4062,5,-0.09057756114145414,-0.4528878057072707,5,13.0,65,5,0.485,0.97,2,-0.6183288616398562,-1.2366577232797125,2,13.0,26,2
KAMAREDDY,MADNOOR,DONGLI,M. S. AGRO INDUSTRIES,RICE MILL (RICE HULLERS ONLY),FOOD PROCESSING,0.175,20,2025-08-14,,YET TO START CONSTRUCTION,YES,GENERAL,-0.7825492333921494,27,61,69,74,7,1,2,1970-01-01 00:00:00.000000007,1970-01-01 00:00:00.000000012,0,0,0,2025,8,14,3,,,,,1970,1,1,3,1970,1,1,3,0.14166666666666666,0.425,3,-0.8002073378816433,-2.40062201364493,3,27.0,81,3,0.175,0.175,1,-0.7825492333921494,-0.7825492333921494,1,27.0,27,1,0.175,0.175,1,-0.7825492333921494,-0.7825492333921494,1,27.0,27,1
KHAMMAM,KHAMMAM (URBAN),KAIKONDAIGUDEM,SRI SAI GANESH STONES,GRANITE / STONE CUTTING AND POLISHING,OTHERS,0.4046,6,2025-08-07,,YET TO START CONSTRUCTION,YES,SC,-0.6609202096685155,23,49,70,75,27,14,3,1970-01-01 00:00:00.000000042,1970-01-01 00:00:00.000000012,0,0,2,2025,8,7,3,,,,,1970,1,1,3,1970,1,1,3,1.6039375,6.41575,4,-0.02557940287346394,-0.10231761149385576,4,23.0,92,4,0.32675,0.6535,2,-0.7021607127037286,-1.4043214254074572,2,23.0,46,2,0.4046,0.4046,1,-0.6609202096685155,-0.6609202096685155,1,23.0,23,1
WARANGAL,WARDHANNA PET,WARDHANNAPET,M/S. MAHESHWARA INDUSTRIES,RICE MILL (RICE HULLERS ONLY),FOOD PROCESSING,0.35,15,2025-08-05,,YET TO START CONSTRUCTION,YES,GENERAL,-0.6898441848223065,10,50,56,76,7,1,13,1970-01-01 00:00:00.000000045,1970-01-01 00:00:00.000000012,0,0,0,2025,8,5,1,,,,,1970,1,1,3,1970,1,1,3,1.2533277777777778,11.27995,9,-0.21131249617443681,-1.9018124655699313,9,10.0,90,9,0.32499999999999996,0.6499999999999999,2,-0.7030877631894269,-1.4061755263788538,2,10.0,20,2,0.32499999999999996,0.6499999999999999,2,-0.7030877631894269,-1.4061755263788538,2,10.0,20,2
NALGONDA,MIRYALAGUDA,GUDUR,J.M.J GAS WELDING WORKS,ENGINEERING AND FABRICATION UNITS (DRY PROCESS WITHOUT ANY HEAT TREATMENT / METAL SURFACE FINISHING OPERATIONS / PAINTING),ENGINEERING,0.0717,3,2025-08-12,,YET TO START CONSTRUCTION,YES,SC,-0.837271699205091,8,10,10,77,5,5,21,1970-01-01 00:00:00.000000020,1970-01-01 00:00:00.000000012,0,0,2,2025,8,12,1,,,,,1970,1,1,3,1970,1,1,3,0.3072,0.9216,3,-0.7125171909868167,-2.13755157296045,3,8.0,24,3,0.11080000000000001,0.22160000000000002,2,-0.8165587426389147,-1.6331174852778294,2,8.0,16,2,0.11080000000000001,0.22160000000000002,2,-0.8165587426389147,-1.6331174852778294,2,8.0,16,2
RANGAREDDY,MAHESWARAM,MAHESWARAM,GSK ENTERPRISES,ENGINEERING AND FABRICATION UNITS (DRY PROCESS WITHOUT ANY HEAT TREATMENT / METAL SURFACE FINISHING OPERATIONS / PAINTING),ENGINEERING,0.311,2,2025-08-12,,YET TO START CONSTRUCTION,YES,GENERAL,-0.7105041670750144,9,62,71,78,5,5,8,1970-01-01 00:00:00.000000020,1970-01-01 00:00:00.000000012,0,0,0,2025,8,12,1,,,,,1970,1,1,3,1970,1,1,3,3.2394545454545454,71.268,22,0.8408245236160773,18.4981395195537,22,9.0,198,22,0.311,0.311,1,-0.7105041670750144,-0.7105041670750144,1,9.0,9,1,0.311,0.311,1,-0.7105041670750144,-0.7105041670750144,1,9.0,9,1
RANGAREDDY,FAROOQNAGAR,SOLIPUR,NAGASREE PLASTICS,REPROCESSING OF WASTE PLASTIC INCLUDING PVC,PLASTIC AND RUBBER,0.4,10,2025-07-25,,YET TO START CONSTRUCTION,YES,GENERAL,-0.6633570280880657,9,19,72,79,39,11,9,1970-01-01 00:00:00.000000016,1970-01-01 00:00:00.000000012,0,0,0,2025,7,25,4,,,,,1970,1,1,3,1970,1,1,3,3.2394545454545454,71.268,22,0.8408245236160773,18.4981395195537,22,9.0,198,22,3.2436249999999998,12.974499999999999,4,0.8430337932800468,3.372135173120187,4,9.0,36,4,0.4,0.4,1,-0.6633570280880657,-0.6633570280880657,1,9.0,9,1
HYDERABAD,CHARMINAR,CHARMINAR,SSR HALLMARKING,"GOLD AND SILVER SMITHY (PURIFICATION WITH ACID, SMELTING OPERATING AND SULFURIC ACIDPOLISHING OPERATION) (USING LESS THAN OR EQUAL TO 1 LITRE OF SULPHURIC ACID / NITRIC ACID PERMONTH.",ENGINEERING,0.45,2,2025-08-01,,YET TO START CONSTRUCTION,YES,GENERAL,-0.6368698713538249,21,63,73,80,26,5,8,1970-01-01 00:00:00.000000046,1970-01-01 00:00:00.000000012,0,0,0,2025,8,1,4,,,,,1970,1,1,3,1970,1,1,3,0.275,0.55,2,-0.7295749199236679,-1.4591498398473357,2,21.0,42,2,0.45,0.45,1,-0.6368698713538249,-0.6368698713538249,1,21.0,21,1,0.45,0.45,1,-0.6368698713538249,-0.6368698713538249,1,21.0,21,1
YADADRI,BHONGIR,BUVANAGIRI,M/S BHAKTIN ENTERPRISES,ALUMINIUM UTENSILS FROM ALUMINIUM CIRCLES BY PRESSING ONLY (DRY MECHANICAL OPERATION),ENGINEERING,0.24,15,2025-06-23,,YET TO START CONSTRUCTION,YES,GENERAL,-0.7481159296376364,5,64,74,81,14,5,13,1970-01-01 00:00:00.000000047,1970-01-01 00:00:00.000000013,0,0,0,2025,6,23,0,,,,,1970,1,1,3,1970,1,1,3,0.6163333333333333,5.547,9,-0.5487559299512503,-4.938803369561253,9,5.0,45,9,0.245,0.49,2,-0.7454672139642122,-1.4909344279284245,2,5.0,10,2,0.24,0.24,1,-0.7481159296376364,-0.7481159296376364,1,5.0,5,1
SANGAREDDY,KONDAPUR,GOLLAPALLE,M/S. ELMENTOZ RESEARCH PRIVATE LIMITED,INDUSTRY OR PROCESSES INVOLVING FOUNDRY OPERATIONS,ENGINEERING,1.5,1,2025-08-13,,YET TO START CONSTRUCTION,YES,GENERAL,-0.08063957993476704,13,65,75,82,40,5,0,1970-01-01 00:00:00.000000004,1970-01-01 00:00:00.000000014,0,0,0,2025,8,13,2,,,,,1970,1,1,3,1970,1,1,3,1.7844541666666667,21.41345,12,0.07004806198939033,0.840576743872684,12,13.0,156,12,1.5,1.5,1,-0.08063957993476704,-0.08063957993476704,1,13.0,13,1,1.5,1.5,1,-0.08063957993476704,-0.08063957993476704,1,13.0,13,1
MEDCHAL,SHAMIRPET,KOLTHUR,"M/S ASPEN BIOPHARMA LABS (P) LTD., (FORMERLY M/S. TAT ORG SYNTHESIS PVT. LTD)",PHARMACEUTICALS,PHARMACEUTICALS AND CHEMICALS,0.4,25,2025-07-15,,YET TO START CONSTRUCTION,YES,GENERAL,-0.6633570280880657,3,66,76,83,41,10,15,1970-01-01 00:00:00.000000048,1970-01-01 00:00:00.000000014,0,0,0,2025,7,15,1,,,,,1970,1,1,3,1970,1,1,3,1.2626315789473683,23.99,19,-0.20638387137837358,-3.9212935561890983,19,3.0,57,19,0.4,0.4,1,-0.6633570280880657,-0.6633570280880657,1,3.0,3,1,0.4,0.4,1,-0.6633570280880657,-0.6633570280880657,1,3.0,3,1
RANGAREDDY,HAYATHNAGAR,KOHEDA,SRI NAIVEDYAMFOODS,FLOUR MILLS (DRY PROCESS),FOOD PROCESSING,5.72725,20,2025-08-13,,YET TO START CONSTRUCTION,YES,OBC,2.158717086161625,9,67,77,84,11,1,2,1970-01-01 00:00:00.000000004,1970-01-01 00:00:00.000000014,0,0,1,2025,8,13,2,,,,,1970,1,1,3,1970,1,1,3,3.2394545454545454,71.268,22,0.8408245236160773,18.4981395195537,22,9.0,198,22,5.72725,5.72725,1,2.158717086161625,2.158717086161625,1,9.0,9,1,5.72725,5.72725,1,2.158717086161625,2.158717086161625,1,9.0,9,1
PEDDAPALLI,KAMANPUR,RATNAPUR,M/S SRI VENKATESHWARA FLY ASH BRICKS COMPANY,"CEMENT PRODUCTS (WITHOUT USING ASBESTOS / BOILER / STEAM CURING) LIKE PIPE ,PILLAR, JAFRI, WELL RING, BLOCK/TILES ETC.(SHOULD BE DONE IN CLOSED COVERED SHED TO CONTROL FUGITIVE EMISSIONS)","CEMENT, CEMENT & CONCRETE PRODUCTS, FLY ASH BRICKS",0.25,5,2025-08-11,,YET TO START CONSTRUCTION,YES,OBC,-0.7428184982907882,1,68,78,85,42,4,4,1970-01-01 00:00:00.000000038,1970-01-01 00:00:00.000000014,0,0,1,2025,8,11,0,,,,,1970,1,1,3,1970,1,1,3,0.905,3.62,4,-0.3958367450722331,-1.5833469802889324,4,1.0,4,4,0.25,0.25,1,-0.7428184982907882,-0.7428184982907882,1,1.0,1,1,0.25,0.25,1,-0.7428184982907882,-0.7428184982907882,1,1.0,1,1
MAHBUBNAGAR,GANDEED,NANCHERLA,SREE INDUSTRIES,RICE MILL (RICE HULLERS ONLY),FOOD PROCESSING,1.3725,10,2025-07-21,,YET TO START CONSTRUCTION,YES,OBC,-0.14818182960708118,26,69,79,86,7,1,9,1970-01-01 00:00:00.000000049,1970-01-01 00:00:00.000000014,0,0,1,2025,7,21,0,,,,,1970,1,1,3,1970,1,1,3,2.48625,4.9725,2,0.4418195866481337,0.8836391732962674,2,26.0,52,2,1.3725,1.3725,1,-0.14818182960708118,-0.14818182960708118,1,26.0,26,1,1.3725,1.3725,1,-0.14818182960708118,-0.14818182960708118,1,26.0,26,1
MAHABUBABAD,KESAMUDRAM,KALWALA,""" M/S SRI VARAHI AGRO INDUSTRIES """,RICE MILL (RICE HULLERS ONLY),FOOD PROCESSING,2.75,9,2025-07-24,,YET TO START CONSTRUCTION,YES,OBC,0.5815393384212542,6,21,80,87,7,1,12,1970-01-01 00:00:00.000000022,1970-01-01 00:00:00.000000015,0,0,1,2025,7,24,3,,,,,1970,1,1,3,1970,1,1,3,2.38934375,19.11475,8,0.39048416600258307,3.1238733280206645,8,6.0,48,8,1.65,8.25,5,-0.0011781097320445009,-0.005890548660222504,5,6.0,30,5,2.75,2.75,1,0.5815393384212542,0.5815393384212542,1,6.0,6,1
SIDDIPET,GAJWEL,RIMMANGUDA,RADHE KRISHNA TILES AND GRANITES,GRANITE / STONE CUTTING AND POLISHING,OTHERS,0.35,5,2025-08-13,,YET TO START CONSTRUCTION,YES,GENERAL,-0.6898441848223065,0,70,81,88,27,14,4,1970-01-01 00:00:00.000000004,1970-01-01 00:00:00.000000015,0,0,0,2025,8,13,2,,,,,1970,1,1,3,1970,1,1,3,0.6721125,5.3769,8,-0.5192072993511434,-4.153658394809147,8,0.0,0,8,0.35,0.35,1,-0.6898441848223065,-0.6898441848223065,1,0.0,0,1,0.35,0.35,1,-0.6898441848223065,-0.6898441848223065,1,0.0,0,1
WARANGAL,CHENNARAOPET,UPPARAPALLE,M.S KAMADHENU INDUSTRIES,RICE MILL (RICE HULLERS ONLY),FOOD PROCESSING,1.7,9,2025-07-30,,YET TO START CONSTRUCTION,YES,GENERAL,0.02530904700219632,10,16,82,89,7,1,12,1970-01-01 00:00:00.000000005,1970-01-01 00:00:00.000000015,0,0,0,2025,7,30,2,,,,,1970,1,1,3,1970,1,1,3,1.2533277777777778,11.27995,9,-0.21131249617443681,-1.9018124655699313,9,10.0,90,9,1.075,2.15,2,-0.3057804121758143,-0.6115608243516286,2,10.0,20,2,1.7,1.7,1,0.02530904700219632,0.02530904700219632,1,10.0,10,1
NIZAMABAD,NIZAMABAD RURAL,MUGPAL,M/S. VEERANJANEYA AGROS,RICE MILL (RICE HULLERS ONLY),FOOD PROCESSING,0.25,12,2025-08-05,,YET TO START CONSTRUCTION,YES,OBC,-0.7428184982907882,20,71,83,90,7,1,6,1970-01-01 00:00:00.000000045,1970-01-01 00:00:00.000000015,0,0,1,2025,8,5,1,,,,,1970,1,1,3,1970,1,1,3,1.6548571428571428,11.584,7,0.0013949283507103591,0.009764498454972514,7,20.0,140,7,0.25,0.25,1,-0.7428184982907882,-0.7428184982907882,1,20.0,20,1,0.25,0.25,1,-0.7428184982907882,-0.7428184982907882,1,20.0,20,1
NIZAMABAD,JAKRANPALLE,KALIGOTE,ABABIL RICE MILL,RICE MILL (RICE HULLERS ONLY),FOOD PROCESSING,1.85,10,2025-03-29,,YET TO START CONSTRUCTION,YES,OBC,0.10477051720491894,20,72,84,91,7,1,9,1970-01-01 00:00:00.000000050,1970-01-01 00:00:00.000000015,0,0,1,2025,3,29,5,,,,,1970,1,1,3,1970,1,1,3,1.6548571428571428,11.584,7,0.0013949283507103591,0.009764498454972514,7,20.0,140,7,1.85,1.85,1,0.10477051720491894,0.10477051720491894,1,20.0,20,1,1.85,1.85,1,0.10477051720491894,0.10477051720491894,1,20.0,20,1
MEDAK,SHANKARAMPET (R),CHANDAMPET,MSN LIFE SCIENCES PRIVATE LIMITED,PHARMACEUTICALS,PHARMACEUTICALS AND CHEMICALS,5.72725,425,2025-07-22,,YET TO START CONSTRUCTION,YES,GENERAL,2.158717086161625,16,73,85,92,41,10,22,1970-01-01 00:00:00.000000024,1970-01-01 00:00:00.000000015,0,0,0,2025,7,22,1,,,,,1970,1,1,3,1970,1,1,3,2.03545,10.177249999999999,5,0.20301138153221815,1.0150569076610907,5,16.0,80,5,5.72725,5.72725,1,2.158717086161625,2.158717086161625,1,16.0,16,1,5.72725,5.72725,1,2.158717086161625,2.158717086161625,1,16.0,16,1
RANGAREDDY,FAROOQNAGAR,ELKATTA,ELITE LAMINATES PVT LTD,PLY-BOARD MANUFACTURING (INCLUDINGVENEER AND LAMINATE) WITH OIL FIREDBOILER/ THERMLC FLUID HEATER(WITHOUTRESIN PLANT),WOOD AND LEATHER,5.72725,2,2025-06-06,,YET TO START CONSTRUCTION,YES,GENERAL,2.158717086161625,9,19,86,93,43,8,8,1970-01-01 00:00:00.000000051,1970-01-01 00:00:00.000000015,0,0,0,2025,6,6,4,,,,,1970,1,1,3,1970,1,1,3,3.2394545454545454,71.268,22,0.8408245236160773,18.4981395195537,22,9.0,198,22,3.2436249999999998,12.974499999999999,4,0.8430337932800468,3.372135173120187,4,9.0,36,4,5.72725,5.72725,1,2.158717086161625,2.158717086161625,1,9.0,9,1
RANGAREDDY,KADTHAL,CHELLAMPALLE,SAM STONE CRUSHER,STONE CRUSHERS,GRANITE AND STONE CRUSHING,5.0,10,2025-07-05,2025-12-08,YET TO START CONSTRUCTION,YES,OBC,1.7734613914620923,9,74,87,94,2,2,9,1970-01-01 00:00:00.000000052,1970-01-01 00:00:00.000000016,0,0,1,2025,7,5,5,2025.0,12.0,8.0,0.0,1970,1,1,3,1970,1,1,3,3.2394545454545454,71.268,22,0.8408245236160773,18.4981395195537,22,9.0,198,22,5.0,5.0,1,1.7734613914620923,1.7734613914620923,1,9.0,9,1,5.0,5.0,1,1.7734613914620923,1.7734613914620923,1,9.0,9,1
SURYAPET,SURYAPET,YERKARAM,SRI MAHALAKSHMI INDUSTRIES,POLYTHENE AND PLASTIC PROCESSED PRODUCTS MANUFACTURING(VIRGIN PLASTIC),PLASTIC AND RUBBER,0.8169,5,2025-06-18,2025-12-08,YET TO START CONSTRUCTION,YES,OBC,-0.4425071152379655,18,32,88,95,17,11,4,1970-01-01 00:00:00.000000053,1970-01-01 00:00:00.000000016,0,0,1,2025,6,18,2,2025.0,12.0,8.0,0.0,1970,1,1,3,1970,1,1,3,2.73367,13.66835,5,0.572888633031851,2.864443165159255,5,18.0,90,5,0.75845,1.5169,2,-0.4734706014602931,-0.9469412029205861,2,18.0,36,2,0.8169,0.8169,1,-0.4425071152379655,-0.4425071152379655,1,18.0,18,1
SANGAREDDY,PATANCHERU,PATANCHERU,S MOHAN CONSTRUCTIONS,ENGINEERING AND FABRICATION UNITS (DRY PROCESS WITHOUT ANY HEAT TREATMENT / METAL SURFACE FINISHING OPERATIONS / PAINTING),ENGINEERING,1.6067,6,2025-07-29,2025-12-08,YET TO START CONSTRUCTION,YES,OBC,-0.02411598746389707,13,60,89,96,5,5,3,1970-01-01 00:00:00.000000035,1970-01-01 00:00:00.000000016,0,0,1,2025,7,29,1,2025.0,12.0,8.0,0.0,1970,1,1,3,1970,1,1,3,1.7844541666666667,21.41345,12,0.07004806198939033,0.840576743872684,12,13.0,156,12,1.4812400000000001,7.4062,5,-0.09057756114145414,-0.4528878057072707,5,13.0,65,5,1.6067,1.6067,1,-0.02411598746389707,-0.02411598746389707,1,13.0,13,1
MEDCHAL,QUTUBULLAPUR,JEEDIMETLA,M/S. UJWALA ENTERPRISES,ENGINEERING AND FABRICATION UNITS (DRY PROCESS WITHOUT ANY HEAT TREATMENT / METAL SURFACE FINISHING OPERATIONS / PAINTING),ENGINEERING,0.25,3,2025-08-11,2025-12-08,YET TO START CONSTRUCTION,YES,GENERAL,-0.7428184982907882,3,15,15,97,5,5,21,1970-01-01 00:00:00.000000038,1970-01-01 00:00:00.000000016,0,0,0,2025,8,11,0,2025.0,12.0,8.0,0.0,1970,1,1,3,1970,1,1,3,1.2626315789473683,23.99,19,-0.20638387137837358,-3.9212935561890983,19,3.0,57,19,0.8544375,6.8355,8,-0.42262188231973413,-3.380975058557873,8,3.0,24,8,1.0658333333333334,6.3950000000000005,6,-0.31063639091042505,-1.8638183454625503,6,3.0,18,6
JAGTIAL,JAGTIAL,JAGITIAL,M/S.MINAR SAW MILL AND TIMBER DEPOT,SAW MILLS,WOOD AND LEATHER,0.17,4,2025-08-04,2025-12-08,YET TO START CONSTRUCTION,YES,OBC,-0.7851979490655736,15,75,90,98,9,8,11,1970-01-01 00:00:00.000000010,1970-01-01 00:00:00.000000016,0,0,1,2025,8,4,0,2025.0,12.0,8.0,0.0,1970,1,1,3,1970,1,1,3,1.57425,9.4455,6,-0.04130615218441944,-0.24783691310651662,6,15.0,90,6,0.17,0.17,1,-0.7851979490655736,-0.7851979490655736,1,15.0,15,1,0.17,0.17,1,-0.7851979490655736,-0.7851979490655736,1,15.0,15,1
JAGTIAL,VELGATOOR,ENDAPALLE,M/S. SRI LAXMI DURGA CEMENT BRICKS INDUSTRIES,"CEMENT PRODUCTS (WITHOUT USING ASBESTOS / BOILER / STEAM CURING) LIKE PIPE ,PILLAR, JAFRI, WELL RING, BLOCK/TILES ETC.(SHOULD BE DONE IN CLOSED COVERED SHED TO CONTROL FUGITIVE EMISSIONS)","CEMENT, CEMENT & CONCRETE PRODUCTS, FLY ASH BRICKS",0.13,5,2025-07-29,2025-12-08,YET TO START CONSTRUCTION,YES,OBC,-0.8063876744529663,15,76,91,99,42,4,4,1970-01-01 00:00:00.000000035,1970-01-01 00:00:00.000000016,0,0,1,2025,7,29,1,2025.0,12.0,8.0,0.0,1970,1,1,3,1970,1,1,3,1.57425,9.4455,6,-0.04130615218441944,-0.24783691310651662,6,15.0,90,6,0.13,0.13,1,-0.8063876744529663,-0.8063876744529663,1,15.0,15,1,0.13,0.13,1,-0.8063876744529663,-0.8063876744529663,1,15.0,15,1
NIZAMABAD,VARNI,VARNI,SRI SHIVA INDUSTRIES,RICE MILL (RICE HULLERS ONLY),FOOD PROCESSING,2.0,10,2025-02-18,2025-12-08,YET TO START CONSTRUCTION,YES,GENERAL,0.18423198740764143,20,77,92,100,7,1,9,1970-01-01 00:00:00.000000054,1970-01-01 00:00:00.000000016,0,0,0,2025,2,18,1,2025.0,12.0,8.0,0.0,1970,1,1,3,1970,1,1,3,1.6548571428571428,11.584,7,0.0013949283507103591,0.009764498454972514,7,20.0,140,7,2.0,2.0,1,0.18423198740764143,0.18423198740764143,1,20.0,20,1,2.0,2.0,1,0.18423198740764143,0.18423198740764143,1,20.0,20,1
ADILABAD,NERADIGONDA,NERADIGONDA,M/S SRI GANESH FLASH BRICKS,FLY ASH BRICKS/ BLOCK MANUFACTURING,"CEMENT, CEMENT & CONCRETE PRODUCTS, FLY ASH BRICKS",0.18,8,2025-08-08,2025-12-08,YET TO START CONSTRUCTION,YES,ST,-0.7799005177187255,28,78,93,101,12,4,5,1970-01-01 00:00:00.000000017,1970-01-01 00:00:00.000000016,0,0,3,2025,8,8,4,2025.0,12.0,8.0,0.0,1970,1,1,3,1970,1,1,3,0.1025,0.205,2,-0.8209556106567988,-1.6419112213135976,2,28.0,56,2,0.1025,0.205,2,-0.8209556106567988,-1.6419112213135976,2,28.0,56,2,0.18,0.18,1,-0.7799005177187255,-0.7799005177187255,1,28.0,28,1
SANGAREDDY,PATANCHERU,SULTANPUR,BLUBEE INDUSTRIES PRIVATE LIMITED,ENGINEERING AND FABRICATION UNITS (DRY PROCESS WITHOUT ANY HEAT TREATMENT / METAL SURFACE FINISHING OPERATIONS / PAINTING),ENGINEERING,4.4282,20,2025-08-04,2025-11-08,YET TO START CONSTRUCTION,YES,GENERAL,1.4705542670493141,13,60,94,102,5,5,2,1970-01-01 00:00:00.000000010,1970-01-01 00:00:00.000000017,0,0,0,2025,8,4,0,2025.0,11.0,8.0,5.0,1970,1,1,3,1970,1,1,3,1.7844541666666667,21.41345,12,0.07004806198939033,0.840576743872684,12,13.0,156,12,1.4812400000000001,7.4062,5,-0.09057756114145414,-0.4528878057072707,5,13.0,65,5,2.3391,4.6782,2,0.363867884379263,0.727735768758526,2,13.0,26,2
RANGAREDDY,SAROORNAGAR,NADARGUL (RURAL),MARUTHI INDUSTRIES,ENGINEERING AND FABRICATION UNITS (DRY PROCESS WITHOUT ANY HEAT TREATMENT / METAL SURFACE FINISHING OPERATIONS / PAINTING),ENGINEERING,4.05,10,2025-07-18,2025-11-08,YET TO START CONSTRUCTION,YES,OBC,1.270205413511516,9,79,95,103,5,5,9,1970-01-01 00:00:00.000000055,1970-01-01 00:00:00.000000017,0,0,1,2025,7,18,4,2025.0,11.0,8.0,5.0,1970,1,1,3,1970,1,1,3,3.2394545454545454,71.268,22,0.8408245236160773,18.4981395195537,22,9.0,198,22,3.25,6.5,2,0.8464109057636625,1.692821811527325,2,9.0,18,2,3.25,6.5,2,0.8464109057636625,1.692821811527325,2,9.0,18,2
RANGAREDDY,FAROOQNAGAR,BURGUL,SHREE ULTRA INKS PVT LTD EXPANSION,PRINTING INK MANUFACTURING,PHARMACEUTICALS AND CHEMICALS,1.12,10,2025-07-15,2025-11-08,YET TO START CONSTRUCTION,YES,GENERAL,-0.2819419711149974,9,19,96,104,44,10,9,1970-01-01 00:00:00.000000048,1970-01-01 00:00:00.000000017,0,0,0,2025,7,15,1,2025.0,11.0,8.0,5.0,1970,1,1,3,1970,1,1,3,3.2394545454545454,71.268,22,0.8408245236160773,18.4981395195537,22,9.0,198,22,3.2436249999999998,12.974499999999999,4,0.8430337932800468,3.372135173120187,4,9.0,36,4,1.12,1.12,1,-0.2819419711149974,-0.2819419711149974,1,9.0,9,1
WANAPARTHY,GOPALPETA,CHENNARAM,SATHYA SAI INDUSTRIES,RICE MILL (RICE HULLERS ONLY),FOOD PROCESSING,0.8,10,2025-07-30,2025-11-08,YET TO START CONSTRUCTION,YES,GENERAL,-0.45145977421413885,25,80,97,105,7,1,9,1970-01-01 00:00:00.000000005,1970-01-01 00:00:00.000000017,0,0,0,2025,7,30,2,2025.0,11.0,8.0,5.0,1970,1,1,3,1970,1,1,3,2.5040833333333334,7.51225,3,0.4512666725500128,1.3538000176500384,3,25.0,75,3,0.8,0.8,1,-0.45145977421413885,-0.45145977421413885,1,25.0,25,1,0.8,0.8,1,-0.45145977421413885,-0.45145977421413885,1,25.0,25,1
PEDDAPALLI,MUTHARAM (MANTHANI),ODEDU,M/S. SRI BALAJI SAWMILL AND DEPOT,SAW MILLS,WOOD AND LEATHER,0.17,4,2025-08-01,2025-11-08,YET TO START CONSTRUCTION,YES,ST,-0.7851979490655736,1,46,98,106,9,8,11,1970-01-01 00:00:00.000000046,1970-01-01 00:00:00.000000017,0,0,3,2025,8,1,4,2025.0,11.0,8.0,5.0,1970,1,1,3,1970,1,1,3,0.905,3.62,4,-0.3958367450722331,-1.5833469802889324,4,1.0,4,4,0.46,0.92,2,-0.6315724400069767,-1.2631448800139533,2,1.0,2,2,0.17,0.17,1,-0.7851979490655736,-0.7851979490655736,1,1.0,1,1
MEDCHAL,QUTUBULLAPUR,JEEDIMETLA,M/S. SHODHANA LABORATORIES PRIVATE LIMITED,PHARMACEUTICALS,PHARMACEUTICALS AND CHEMICALS,5.0,40,2025-07-11,2025-11-08,YET TO START CONSTRUCTION,YES,OBC,1.7734613914620923,3,15,15,107,41,10,17,1970-01-01 00:00:00.000000056,1970-01-01 00:00:00.000000017,0,0,1,2025,7,11,4,2025.0,11.0,8.0,5.0,1970,1,1,3,1970,1,1,3,1.2626315789473683,23.99,19,-0.20638387137837358,-3.9212935561890983,19,3.0,57,19,0.8544375,6.8355,8,-0.42262188231973413,-3.380975058557873,8,3.0,24,8,1.0658333333333334,6.3950000000000005,6,-0.31063639091042505,-1.8638183454625503,6,3.0,18,6
BHUPALPALLY,BHUPALPALLE,BHUPALPALLE,SUDHIKSHA FLOUR MILL,FLOUR MILLS (DRY PROCESS),FOOD PROCESSING,0.115,1,2025-07-26,2025-11-08,YET TO START CONSTRUCTION,YES,OBC,-0.8143338214732385,12,81,99,108,11,1,0,1970-01-01 00:00:00.000000034,1970-01-01 00:00:00.000000017,0,0,1,2025,7,26,5,2025.0,11.0,8.0,5.0,1970,1,1,3,1970,1,1,3,2.921125,5.84225,2,0.6721916323441933,1.3443832646883866,2,12.0,24,2,0.115,0.115,1,-0.8143338214732385,-0.8143338214732385,1,12.0,12,1,0.115,0.115,1,-0.8143338214732385,-0.8143338214732385,1,12.0,12,1
RANGAREDDY,SAROORNAGAR,NADARGUL (RURAL),SANDHYA PRECISION ENGINEERING WORKS,ENGINEERING AND FABRICATION UNITS (DRY PROCESS WITHOUT ANY HEAT TREATMENT / METAL SURFACE FINISHING OPERATIONS / PAINTING),ENGINEERING,2.45,10,2025-06-24,2025-11-08,YET TO START CONSTRUCTION,YES,SC,0.42261639801580914,9,79,95,109,5,5,9,1970-01-01 00:00:00.000000057,1970-01-01 00:00:00.000000017,0,0,2,2025,6,24,1,2025.0,11.0,8.0,5.0,1970,1,1,3,1970,1,1,3,3.2394545454545454,71.268,22,0.8408245236160773,18.4981395195537,22,9.0,198,22,3.25,6.5,2,0.8464109057636625,1.692821811527325,2,9.0,18,2,3.25,6.5,2,0.8464109057636625,1.692821811527325,2,9.0,18,2
ADILABAD,NERADIGONDA,KORATKAL (BUZURG),BALAJI CEMENT BRICK WORKS,BRICKFIELDS ( EXCLUDING FLY ASH BRICK MANUFACTURING USING LIME PROCESS),"CEMENT, CEMENT & CONCRETE PRODUCTS, FLY ASH BRICKS",0.025,5,2025-07-30,2025-11-08,YET TO START CONSTRUCTION,YES,OBC,-0.8620107035948721,28,78,100,110,45,4,4,1970-01-01 00:00:00.000000005,1970-01-01 00:00:00.000000017,0,0,1,2025,7,30,2,2025.0,11.0,8.0,5.0,1970,1,1,3,1970,1,1,3,0.1025,0.205,2,-0.8209556106567988,-1.6419112213135976,2,28.0,56,2,0.1025,0.205,2,-0.8209556106567988,-1.6419112213135976,2,28.0,56,2,0.025,0.025,1,-0.8620107035948721,-0.8620107035948721,1,28.0,28,1
SURYAPET,HUZURNAGAR,HUZURNAGAR,M/S. MATTAPALLY LAKSHMI NARASIMHA SWAMY PARBOILED MODERN RICE MILL,PARBOILED RICE MILLS,FOOD PROCESSING,1.5,10,2025-06-16,2025-11-08,YET TO START CONSTRUCTION,YES,GENERAL,-0.08063957993476704,18,82,101,111,18,1,9,1970-01-01 00:00:00.000000058,1970-01-01 00:00:00.000000017,0,0,0,2025,6,16,0,2025.0,11.0,8.0,5.0,1970,1,1,3,1970,1,1,3,2.73367,13.66835,5,0.572888633031851,2.864443165159255,5,18.0,90,5,3.2121,6.4242,2,0.826333640959108,1.652667281918216,2,18.0,36,2,3.2121,6.4242,2,0.826333640959108,1.652667281918216,2,18.0,36,2
JAGTIAL,MALLIAL,RAMPUR,SRI RAJA RAJESHWARA INDUSTRIES,PARBOILED RICE MILLS,FOOD PROCESSING,1.0,120,2025-07-07,2025-08-08,YET TO START CONSTRUCTION,YES,GENERAL,-0.3455111472771755,15,83,102,112,18,1,23,1970-01-01 00:00:00.000000059,1970-01-01 00:00:00.000000018,0,0,0,2025,7,7,0,2025.0,8.0,8.0,4.0,1970,1,1,3,1970,1,1,3,1.57425,9.4455,6,-0.04130615218441944,-0.24783691310651662,6,15.0,90,6,1.0,1.0,1,-0.3455111472771755,-0.3455111472771755,1,15.0,15,1,1.0,1.0,1,-0.3455111472771755,-0.3455111472771755,1,15.0,15,1
RANGAREDDY,IBRAHIMPATNAM,MANGALPALLE,VAISHNAVI AGRO FRESH COLD STORAGE PRIVATELIMITED,CHILLING PLANT AND ICE MAKING WITHOUT USING AMMONIA,AGRO BASED INCL COLD STORAGES,2.5,20,2025-08-05,2025-08-08,YET TO START CONSTRUCTION,YES,GENERAL,0.44910355475004987,9,84,103,113,46,0,2,1970-01-01 00:00:00.000000045,1970-01-01 00:00:00.000000018,0,0,0,2025,8,5,1,2025.0,8.0,8.0,4.0,1970,1,1,3,1970,1,1,3,3.2394545454545454,71.268,22,0.8408245236160773,18.4981395195537,22,9.0,198,22,3.315,13.26,4,0.8808442095181757,3.5233768380727026,4,9.0,36,4,2.5,2.5,1,0.44910355475004987,0.44910355475004987,1,9.0,9,1
HANUMAKONDA,SHAYAMPET,SINGARAM (DONGALA),HANUMAN FLY ASH BRICKS,FLY ASH BRICKS/ BLOCK MANUFACTURING,"CEMENT, CEMENT & CONCRETE PRODUCTS, FLY ASH BRICKS",0.08,4,2025-07-09,2025-08-08,YET TO START CONSTRUCTION,YES,OBC,-0.8328748311872071,24,85,104,114,12,4,11,1970-01-01 00:00:00.000000026,1970-01-01 00:00:00.000000018,0,0,1,2025,7,9,2,2025.0,8.0,8.0,4.0,1970,1,1,3,1970,1,1,3,0.2888,0.5776,2,-0.7222644646650174,-1.4445289293300347,2,24.0,48,2,0.08,0.08,1,-0.8328748311872071,-0.8328748311872071,1,24.0,24,1,0.08,0.08,1,-0.8328748311872071,-0.8328748311872071,1,24.0,24,1
SANGAREDDY,JINNARAM,CHETLAPOTHARAM,SRI SAIRAM CONTAINERS,CARDBOARD OR CORRUGATED BOX AND PAPER PRODUCTS (EXCLUDING PAPER OR PULP MANUFACTURING AND WITHOUT USING BOILERS),PAPER AND PRINTING,0.25,10,2025-08-04,2025-08-08,YET TO START CONSTRUCTION,YES,GENERAL,-0.7428184982907882,13,24,105,115,6,6,9,1970-01-01 00:00:00.000000010,1970-01-01 00:00:00.000000018,0,0,0,2025,8,4,0,2025.0,8.0,8.0,4.0,1970,1,1,3,1970,1,1,3,1.7844541666666667,21.41345,12,0.07004806198939033,0.840576743872684,12,13.0,156,12,2.8893125,11.55725,4,0.6553391788720326,2.6213567154881305,4,13.0,52,4,0.25,0.25,1,-0.7428184982907882,-0.7428184982907882,1,13.0,13,1
SURYAPET,HUZURNAGAR,HUZURNAGAR,LAXMI GANAPATHI STOREGE GOEDOM,PARBOILED RICE MILLS,FOOD PROCESSING,4.9242,9,2025-07-21,2025-07-08,YET TO START CONSTRUCTION,YES,GENERAL,1.733306861852983,18,82,101,116,18,1,12,1970-01-01 00:00:00.000000049,1970-01-01 00:00:00.000000019,0,0,0,2025,7,21,0,2025.0,7.0,8.0,1.0,1970,1,1,3,1970,1,1,3,2.73367,13.66835,5,0.572888633031851,2.864443165159255,5,18.0,90,5,3.2121,6.4242,2,0.826333640959108,1.652667281918216,2,18.0,36,2,3.2121,6.4242,2,0.826333640959108,1.652667281918216,2,18.0,36,2
JAGTIAL,GOLLAPALLE,CHILWAKODUR,M/S. SRI ANJANEYA PARA BOILED RICE INDUSTRIES,PARBOILED RICE MILLS,FOOD PROCESSING,2.3,20,2025-07-22,2025-07-08,YET TO START CONSTRUCTION,YES,OBC,0.34315492781308643,15,86,106,117,18,1,2,1970-01-01 00:00:00.000000024,1970-01-01 00:00:00.000000019,0,0,1,2025,7,22,1,2025.0,7.0,8.0,1.0,1970,1,1,3,1970,1,1,3,1.57425,9.4455,6,-0.04130615218441944,-0.24783691310651662,6,15.0,90,6,2.3,2.3,1,0.34315492781308643,0.34315492781308643,1,15.0,15,1,2.3,2.3,1,0.34315492781308643,0.34315492781308643,1,15.0,15,1
MEDAK,RAMAYAMPET,DONGAL DHARMARAM,SRI VENKATESHWARAA RICE MILL,PARBOILED RICE MILLS,FOOD PROCESSING,1.65,15,2025-07-26,2025-07-08,YET TO START CONSTRUCTION,YES,GENERAL,-0.001178109732044551,16,87,107,118,18,1,13,1970-01-01 00:00:00.000000034,1970-01-01 00:00:00.000000019,0,0,0,2025,7,26,5,2025.0,7.0,8.0,1.0,1970,1,1,3,1970,1,1,3,2.03545,10.177249999999999,5,0.20301138153221815,1.0150569076610907,5,16.0,80,5,1.65,1.65,1,-0.001178109732044551,-0.001178109732044551,1,16.0,16,1,1.65,1.65,1,-0.001178109732044551,-0.001178109732044551,1,16.0,16,1
MULUGU,MULUGU,KASIMDEVIPET,M/S JAI HANUMAN AGRO INDUSTRIES PARABOILED RICEMILL,PARBOILED RICE MILLS,FOOD PROCESSING,1.9,12,2025-06-12,2025-07-08,YET TO START CONSTRUCTION,YES,OBC,0.13125767393915969,29,88,108,119,18,1,6,1970-01-01 00:00:00.000000060,1970-01-01 00:00:00.000000019,0,0,1,2025,6,12,3,2025.0,7.0,8.0,1.0,1970,1,1,3,1970,1,1,3,1.0699999999999998,2.1399999999999997,2,-0.30842912784923837,-0.6168582556984767,2,29.0,58,2,1.0699999999999998,2.1399999999999997,2,-0.30842912784923837,-0.6168582556984767,2,29.0,58,2,1.9,1.9,1,0.13125767393915969,0.13125767393915969,1,29.0,29,1
YADADRI,CHOUTUPPAL,DANDUMALKAPUR,SPECTRA CHEM CORPORATION,TYRES AND TUBE RETREATING (WITHOUT BOILERS),PLASTIC AND RUBBER,0.15,10,2025-08-05,2025-07-08,YET TO START CONSTRUCTION,YES,GENERAL,-0.79579281175927,5,89,109,120,47,11,9,1970-01-01 00:00:00.000000045,1970-01-01 00:00:00.000000019,0,0,0,2025,8,5,1,2025.0,7.0,8.0,1.0,1970,1,1,3,1970,1,1,3,0.6163333333333333,5.547,9,-0.5487559299512503,-4.938803369561253,9,5.0,45,9,0.15,0.15,1,-0.79579281175927,-0.79579281175927,1,5.0,5,1,0.15,0.15,1,-0.79579281175927,-0.79579281175927,1,5.0,5,1
SIDDIPET,BEJJANKI,VADLUR-BEGUMPET,SAI INDUSTRIES,PARBOILED RICE MILLS,FOOD PROCESSING,1.0125,8,2025-08-06,2025-07-08,YET TO START CONSTRUCTION,YES,GENERAL,-0.3388893580936153,0,90,110,121,18,1,5,1970-01-01 00:00:00.000000019,1970-01-01 00:00:00.000000019,0,0,0,2025,8,6,2,2025.0,7.0,8.0,1.0,1970,1,1,3,1970,1,1,3,0.6721125,5.3769,8,-0.5192072993511434,-4.153658394809147,8,0.0,0,8,1.0125,1.0125,1,-0.3388893580936153,-0.3388893580936153,1,0.0,0,1,1.0125,1.0125,1,-0.3388893580936153,-0.3388893580936153,1,0.0,0,1
SANGAREDDY,AMEENPUR,SULTANPUR,SNEHA FARMS PRIVATE LIMITED,MANUFACTURE OF EGG TRAYS,OTHERS,0.25,10,2025-08-04,2025-07-08,YET TO START CONSTRUCTION,YES,GENERAL,-0.7428184982907882,13,91,94,122,48,14,9,1970-01-01 00:00:00.000000010,1970-01-01 00:00:00.000000019,0,0,0,2025,8,4,0,2025.0,7.0,8.0,1.0,1970,1,1,3,1970,1,1,3,1.7844541666666667,21.41345,12,0.07004806198939033,0.840576743872684,12,13.0,156,12,0.25,0.25,1,-0.7428184982907882,-0.7428184982907882,1,13.0,13,1,2.3391,4.6782,2,0.363867884379263,0.727735768758526,2,13.0,26,2
JANGAON,KODAKANDLA,REGULA,""" M/S NANDISHWARA AGRO RICEMILL """,RICE MILL (RICE HULLERS ONLY),FOOD PROCESSING,0.98,9,2025-07-22,2025-07-08,YET TO START CONSTRUCTION,YES,GENERAL,-0.3561060099708719,19,92,111,123,7,1,12,1970-01-01 00:00:00.000000024,1970-01-01 00:00:00.000000019,0,0,0,2025,7,22,1,2025.0,7.0,8.0,1.0,1970,1,1,3,1970,1,1,3,0.4178,2.089,5,-0.653927600290676,-3.2696380014533797,5,19.0,95,5,0.98,0.98,1,-0.3561060099708719,-0.3561060099708719,1,19.0,19,1,0.98,0.98,1,-0.3561060099708719,-0.3561060099708719,1,19.0,19,1
NIZAMABAD,KOTGIRI,MALKAPUR,SRI SAI GANESH AGRO INDUSTRIES,RICE MILL (RICE HULLERS ONLY),FOOD PROCESSING,3.834,10,2025-07-22,2025-07-08,YET TO START CONSTRUCTION,YES,OBC,1.1557808964195957,20,35,112,124,7,1,9,1970-01-01 00:00:00.000000024,1970-01-01 00:00:00.000000019,0,0,1,2025,7,22,1,2025.0,7.0,8.0,1.0,1970,1,1,3,1970,1,1,3,1.6548571428571428,11.584,7,0.0013949283507103591,0.009764498454972514,7,20.0,140,7,2.042,4.084,2,0.20648119906440376,0.41296239812880753,2,20.0,40,2,3.834,3.834,1,1.1557808964195957,1.1557808964195957,1,20.0,20,1
MEDCHAL,KUKATPALLY,KUKATPALLY,M/S. ALMELO RESEARCH CENTRE (A DIVISION OF ALMELO PVT. LTD),PHARMACEUTICAL FORMULATION AND FOR R & D PURPOSE (FOR SUSTAINED RELEASE/EXTENDED RELEASE OF DRUGS ONLY AND NOT FOR COMMERCIAL PURPOSE),R&D,5.72725,150,2025-07-18,2025-07-08,YET TO START CONSTRUCTION,YES,GENERAL,2.158717086161625,3,93,113,125,3,3,24,1970-01-01 00:00:00.000000055,1970-01-01 00:00:00.000000019,0,0,0,2025,7,18,4,2025.0,7.0,8.0,1.0,1970,1,1,3,1970,1,1,3,1.2626315789473683,23.99,19,-0.20638387137837358,-3.9212935561890983,19,3.0,57,19,5.72725,5.72725,1,2.158717086161625,2.158717086161625,1,3.0,3,1,5.72725,5.72725,1,2.158717086161625,2.158717086161625,1,3.0,3,1
RANGAREDDY,NANDIGAMA,NANDIGAMA,POKARNA ENGINEEREDSTONE LIMITED,GRANITE / STONE CUTTING AND POLISHING,OTHERS,5.72725,20,2024-10-24,2025-06-08,YET TO START CONSTRUCTION,YES,GENERAL,2.158717086161625,9,12,42,126,27,14,2,1970-01-01 00:00:00.000000061,1970-01-01 00:00:00.000000020,0,0,0,2024,10,24,3,2025.0,6.0,8.0,6.0,1970,1,1,3,1970,1,1,3,3.2394545454545454,71.268,22,0.8408245236160773,18.4981395195537,22,9.0,198,22,4.271208333333333,25.62725,6,1.38738900942992,8.32433405657952,6,9.0,54,6,4.12545,20.62725,5,1.3101745330234855,6.550872665117428,5,9.0,45,5
VIKARABAD,PEDDEMUL,KANDANELLI,HANUMAN STONE INDUSTRIES,"CUTTING, SIZING AND POLISHING OF MARBLE STONE",GRANITE AND STONE CRUSHING,0.15,4,2025-08-03,2025-06-08,YET TO START CONSTRUCTION,YES,GENERAL,-0.79579281175927,4,94,114,127,49,2,11,1970-01-01 00:00:00.000000062,1970-01-01 00:00:00.000000020,0,0,0,2025,8,3,6,2025.0,6.0,8.0,6.0,1970,1,1,3,1970,1,1,3,0.9162399999999999,4.5812,5,-0.3898824322383757,-1.9494121611918787,5,4.0,20,5,0.15,0.15,1,-0.79579281175927,-0.79579281175927,1,4.0,4,1,0.15,0.15,1,-0.79579281175927,-0.79579281175927,1,4.0,4,1
JAGTIAL,MALLAPUR,SIRPUR,M/S. MANGYA NAYAK AGRO INDUSTRIES,PARBOILED RICE MILLS,FOOD PROCESSING,2.3,20,2025-07-23,2025-05-08,YET TO START CONSTRUCTION,YES,OBC,0.34315492781308643,15,95,115,128,18,1,2,1970-01-01 00:00:00.000000043,1970-01-01 00:00:00.000000021,0,0,1,2025,7,23,2,2025.0,5.0,8.0,3.0,1970,1,1,3,1970,1,1,3,1.57425,9.4455,6,-0.04130615218441944,-0.24783691310651662,6,15.0,90,6,2.3,2.3,1,0.34315492781308643,0.34315492781308643,1,15.0,15,1,2.3,2.3,1,0.34315492781308643,0.34315492781308643,1,15.0,15,1
RANGAREDDY,IBRAHIMPATNAM,TOOLEKALAN,M/S KALAKRUTHI EXLUSIVE DECORS PVT LTD,POLYTHENE AND PLASTIC PROCESSED PRODUCTS MANUFACTURING(VIRGIN PLASTIC),PLASTIC AND RUBBER,4.5,50,2025-07-26,2025-05-08,YET TO START CONSTRUCTION,YES,GENERAL,1.5085898241196838,9,84,116,129,17,11,14,1970-01-01 00:00:00.000000034,1970-01-01 00:00:00.000000021,0,0,0,2025,7,26,5,2025.0,5.0,8.0,3.0,1970,1,1,3,1970,1,1,3,3.2394545454545454,71.268,22,0.8408245236160773,18.4981395195537,22,9.0,198,22,3.315,13.26,4,0.8808442095181757,3.5233768380727026,4,9.0,36,4,4.5,4.5,1,1.5085898241196838,1.5085898241196838,1,9.0,9,1
YADADRI,BIBINAGAR,RAIRAOPET,HIMAJA INDUSTRIES.,ENGINEERING AND FABRICATION UNITS (DRY PROCESS WITHOUT ANY HEAT TREATMENT / METAL SURFACE FINISHING OPERATIONS / PAINTING),ENGINEERING,0.9501,12,2025-06-21,2025-05-08,YET TO START CONSTRUCTION,YES,SC,-0.3719453296979479,5,5,5,130,5,5,6,1970-01-01 00:00:00.000000063,1970-01-01 00:00:00.000000021,0,0,2,2025,6,21,5,2025.0,5.0,8.0,3.0,1970,1,1,3,1970,1,1,3,0.6163333333333333,5.547,9,-0.5487559299512503,-4.938803369561253,9,5.0,45,9,0.8178333333333333,4.907,6,-0.4420126883122597,-2.6520761298735582,6,5.0,30,6,0.8178333333333333,4.907,6,-0.4420126883122597,-2.6520761298735582,6,5.0,30,6
SIRCILLA,SIRCILLA,SIRCILLA,M/S. RAJU TRADERS,POLYTHENE AND PLASTIC PROCESSED PRODUCTS MANUFACTURING(VIRGIN PLASTIC),PLASTIC AND RUBBER,0.2457,8,2025-07-27,2025-05-08,YET TO START CONSTRUCTION,YES,OBC,-0.7450963937699329,14,96,117,131,17,11,5,1970-01-01 00:00:00.000000064,1970-01-01 00:00:00.000000021,0,0,1,2025,7,27,6,2025.0,5.0,8.0,3.0,1970,1,1,3,1970,1,1,3,0.708925,2.8357,4,-0.49970613020555854,-1.9988245208222342,4,14.0,56,4,0.2457,0.2457,1,-0.7450963937699329,-0.7450963937699329,1,14.0,14,1,0.2457,0.2457,1,-0.7450963937699329,-0.7450963937699329,1,14.0,14,1
SIDDIPET,MULUG,BANDA MAILARAM,M/S. PATWAARI SNACKS PRIVATE LIMITED,PUFFED RICE (MURI) (USING GAS OR ELECTRICAL HEATING SYSTEM),FOOD PROCESSING,0.25,30,2025-08-01,2025-05-08,YET TO START CONSTRUCTION,YES,GENERAL,-0.7428184982907882,0,97,118,132,50,1,25,1970-01-01 00:00:00.000000046,1970-01-01 00:00:00.000000021,0,0,0,2025,8,1,4,2025.0,5.0,8.0,3.0,1970,1,1,3,1970,1,1,3,0.6721125,5.3769,8,-0.5192072993511434,-4.153658394809147,8,0.0,0,8,0.25,0.25,1,-0.7428184982907882,-0.7428184982907882,1,0.0,0,1,0.25,0.25,1,-0.7428184982907882,-0.7428184982907882,1,0.0,0,1
SANGAREDDY,PATANCHERU,NANDIGAON,KISSHOUTENNYA BENZAITEN PRIVATE LIMITED,"MANUFACTURING OF TOOTH POWDER, TOOTHPASTE, TALCUM POWDER AND OTHER COSMETIC ITEMS",AGRO BASED INCL COLD STORAGES,0.4013,10,2025-07-11,2025-05-08,YET TO START CONSTRUCTION,YES,GENERAL,-0.6626683620129754,13,60,119,133,51,0,9,1970-01-01 00:00:00.000000056,1970-01-01 00:00:00.000000021,0,0,0,2025,7,11,4,2025.0,5.0,8.0,3.0,1970,1,1,3,1970,1,1,3,1.7844541666666667,21.41345,12,0.07004806198939033,0.840576743872684,12,13.0,156,12,1.4812400000000001,7.4062,5,-0.09057756114145414,-0.4528878057072707,5,13.0,65,5,0.4013,0.4013,1,-0.6626683620129754,-0.6626683620129754,1,13.0,13,1
MEDCHAL,DUNDIGAL GANDIMAISAMMA,BAHADURPALLY,M/S. SAGGIDI NARSING RAO,ENGINEERING AND FABRICATION UNITS (DRY PROCESS WITHOUT ANY HEAT TREATMENT / METAL SURFACE FINISHING OPERATIONS / PAINTING),ENGINEERING,0.25,4,2025-08-02,2025-05-08,YET TO START CONSTRUCTION,YES,GENERAL,-0.7428184982907882,3,6,120,134,5,5,11,1970-01-01 00:00:00.000000029,1970-01-01 00:00:00.000000021,0,0,0,2025,8,2,5,2025.0,5.0,8.0,3.0,1970,1,1,3,1970,1,1,3,1.2626315789473683,23.99,19,-0.20638387137837358,-3.9212935561890983,19,3.0,57,19,0.18333333333333335,0.55,3,-0.7781347072697761,-2.334404121809328,3,3.0,9,3,0.25,0.25,1,-0.7428184982907882,-0.7428184982907882,1,3.0,3,1
MAHABUBABAD,KESAMUDRAM,KESAMUDRAM,"""M.S SRI CHAKRA INDUSTRIES """,RICE MILL (RICE HULLERS ONLY),FOOD PROCESSING,1.4,9,2025-06-09,2025-05-08,YET TO START CONSTRUCTION,YES,GENERAL,-0.13361389340324878,6,21,45,135,7,1,12,1970-01-01 00:00:00.000000065,1970-01-01 00:00:00.000000021,0,0,0,2025,6,9,0,2025.0,5.0,8.0,3.0,1970,1,1,3,1970,1,1,3,2.38934375,19.11475,8,0.39048416600258307,3.1238733280206645,8,6.0,48,8,1.65,8.25,5,-0.0011781097320445009,-0.005890548660222504,5,6.0,30,5,1.375,2.75,2,-0.14685747177036917,-0.29371494354073835,2,6.0,12,2
MAHABUBABAD,KESAMUDRAM,INUGURTHY,M/S ADARSHA RICE INDUSTRIES,RICE MILL (RICE HULLERS ONLY),FOOD PROCESSING,1.6,9,2025-05-24,2025-05-08,YET TO START CONSTRUCTION,YES,OBC,-0.027665266466285303,6,21,121,136,7,1,12,1970-01-01 00:00:00.000000066,1970-01-01 00:00:00.000000021,0,0,1,2025,5,24,5,2025.0,5.0,8.0,3.0,1970,1,1,3,1970,1,1,3,2.38934375,19.11475,8,0.39048416600258307,3.1238733280206645,8,6.0,48,8,1.65,8.25,5,-0.0011781097320445009,-0.005890548660222504,5,6.0,30,5,1.6,1.6,1,-0.027665266466285303,-0.027665266466285303,1,6.0,6,1
KHAMMAM,TALLADA,MALLARAM,BHAGYALAXMI SAWMILL,SAW MILLS,WOOD AND LEATHER,0.035,3,2025-07-23,2025-05-08,YET TO START CONSTRUCTION,YES,OBC,-0.8567132722480238,23,98,122,137,9,8,21,1970-01-01 00:00:00.000000043,1970-01-01 00:00:00.000000021,0,0,1,2025,7,23,2,2025.0,5.0,8.0,3.0,1970,1,1,3,1970,1,1,3,1.6039375,6.41575,4,-0.02557940287346394,-0.10231761149385576,4,23.0,92,4,0.035,0.035,1,-0.8567132722480238,-0.8567132722480238,1,23.0,23,1,0.035,0.035,1,-0.8567132722480238,-0.8567132722480238,1,23.0,23,1
RANGAREDDY,NANDIGAMA,NANDIGAMA,WASTE LESS WORLDWIDE INDUSTRIES PRIVATE LIMITED,"INDUSTRIES ENGAGED IN RECYCLING / REPROCESSING/ RECOVERY/REUSE OF HAZARDOUS WASTE UNDERSCHEDULE IV OF HAY( NIL, HTLZ TBM) RULES, 2008 - ITEMS NAMELY - SPENT CATALYST CONTAINING NICKEL, CADMIUM, ZINC, COPPER, ARSENIC, VANADIUM AND COBALT,",PHARMACEUTICALS AND CHEMICALS,5.0,8,2025-07-09,2025-04-08,YET TO START CONSTRUCTION,YES,OBC,1.7734613914620923,9,12,42,138,52,10,5,1970-01-01 00:00:00.000000026,1970-01-01 00:00:00.000000022,0,0,1,2025,7,9,2,2025.0,4.0,8.0,1.0,1970,1,1,3,1970,1,1,3,3.2394545454545454,71.268,22,0.8408245236160773,18.4981395195537,22,9.0,198,22,4.271208333333333,25.62725,6,1.38738900942992,8.32433405657952,6,9.0,54,6,4.12545,20.62725,5,1.3101745330234855,6.550872665117428,5,9.0,45,5
RANGAREDDY,NANDIGAMA,NANDIGAMA,OPTIMIX EWASTE PRIVATE LIMITED,"INDUSTRIES ENGAGED IN RECYCLING / REPROCESSING/ RECOVERY/REUSE OF HAZARDOUS WASTE UNDERSCHEDULE IV OF HW( M, H& TBM) RULES, 2008 - ITEMS NAMELY -DISMANTLERS RECYCLINGYLANTSCOMPONENTS OF WASTE ELECTRICALAND ELECTRONIC ASSEMBLESCOMPRISING ACCUMULATORS ANDOTHER BATTERIES INCLUDED ON LISTA, MERCURY-SWITCHES, ACTIVATED GLASS CUILETS FROM CATHODE-RAY TUBES AND OTHER ACTIVATED GLASS AND PCB-CAPACITORS, OR ANY OTHER COMPONENT CONTAMINATED WITHSCHEDULE 2 CONSTITUENTS (E.G.CADMIUM, MERCURY, LEAD,POLYCHLORINATED BIPHENYL) TO AN EXTENT THAT THEY EXHIBIT HAZARD CHARACTERISTICS INDICATED IN PARTC OF THIS SCHEDULE.",PHARMACEUTICALS AND CHEMICALS,3.5,4,2025-07-02,2025-04-08,YET TO START CONSTRUCTION,YES,OBC,0.9788466894348669,9,12,42,139,53,10,11,1970-01-01 00:00:00.000000067,1970-01-01 00:00:00.000000022,0,0,1,2025,7,2,2,2025.0,4.0,8.0,1.0,1970,1,1,3,1970,1,1,3,3.2394545454545454,71.268,22,0.8408245236160773,18.4981395195537,22,9.0,198,22,4.271208333333333,25.62725,6,1.38738900942992,8.32433405657952,6,9.0,54,6,4.12545,20.62725,5,1.3101745330234855,6.550872665117428,5,9.0,45,5
MULUGU,MULUGU,MULUG,A.R.ROOFING INDUSTRY,ENGINEERING WITHOUT PAINTING ACTIVITY,OTHERS,0.24,4,2025-07-17,2025-04-08,YET TO START CONSTRUCTION,YES,GENERAL,-0.7481159296376364,29,88,123,140,54,14,11,1970-01-01 00:00:00.000000068,1970-01-01 00:00:00.000000022,0,0,0,2025,7,17,3,2025.0,4.0,8.0,1.0,1970,1,1,3,1970,1,1,3,1.0699999999999998,2.1399999999999997,2,-0.30842912784923837,-0.6168582556984767,2,29.0,58,2,1.0699999999999998,2.1399999999999997,2,-0.30842912784923837,-0.6168582556984767,2,29.0,58,2,0.24,0.24,1,-0.7481159296376364,-0.7481159296376364,1,29.0,29,1
YADADRI,BHONGIR,CHEEMALA KONDUR,SREE SREENIVASA RICE MILL,RICE MILL (RICE HULLERS ONLY),FOOD PROCESSING,0.25,10,2025-08-01,2025-04-08,YET TO START CONSTRUCTION,YES,GENERAL,-0.7428184982907882,5,64,124,141,7,1,9,1970-01-01 00:00:00.000000046,1970-01-01 00:00:00.000000022,0,0,0,2025,8,1,4,2025.0,4.0,8.0,1.0,1970,1,1,3,1970,1,1,3,0.6163333333333333,5.547,9,-0.5487559299512503,-4.938803369561253,9,5.0,45,9,0.245,0.49,2,-0.7454672139642122,-1.4909344279284245,2,5.0,10,2,0.25,0.25,1,-0.7428184982907882,-0.7428184982907882,1,5.0,5,1
SIDDIPET,WARGAL,MYLARAM,STANDARD WAREHOUSE,"FACILITY OF HANDLING, STORAGE AND TRANSPORTATION OF FOOD GRAINS IN BULK",AGRO BASED INCL COLD STORAGES,1.45,10,2024-08-03,2025-04-08,YET TO START CONSTRUCTION,YES,GENERAL,-0.10712673666900792,0,51,125,142,30,0,9,1970-01-01 00:00:00.000000069,1970-01-01 00:00:00.000000022,0,0,0,2024,8,3,5,2025.0,4.0,8.0,1.0,1970,1,1,3,1970,1,1,3,0.6721125,5.3769,8,-0.5192072993511434,-4.153658394809147,8,0.0,0,8,1.2,2.4,2,-0.23956252034021214,-0.4791250406804243,2,0.0,0,2,1.45,1.45,1,-0.10712673666900792,-0.10712673666900792,1,0.0,0,1
SANGAREDDY,PATANCHERU,PASHAMYLARAM,BLYPIN ENTERPRISES PRIVATE LIMITED,CARDBOARD OR CORRUGATED BOX AND PAPER PRODUCTS (EXCLUDING PAPER OR PULP MANUFACTURING AND WITHOUT USING BOILERS),PAPER AND PRINTING,0.25,20,2025-07-28,2025-04-08,YET TO START CONSTRUCTION,YES,GENERAL,-0.7428184982907882,13,60,68,143,6,6,2,1970-01-01 00:00:00.000000044,1970-01-01 00:00:00.000000022,0,0,0,2025,7,28,0,2025.0,4.0,8.0,1.0,1970,1,1,3,1970,1,1,3,1.7844541666666667,21.41345,12,0.07004806198939033,0.840576743872684,12,13.0,156,12,1.4812400000000001,7.4062,5,-0.09057756114145414,-0.4528878057072707,5,13.0,65,5,0.485,0.97,2,-0.6183288616398562,-1.2366577232797125,2,13.0,26,2
MEDCHAL,GHATKESAR,CHERLAPALLY,SD ROCK BIT,ENGINEERING AND FABRICATION UNITS (DRY PROCESS WITHOUT ANY HEAT TREATMENT / METAL SURFACE FINISHING OPERATIONS / PAINTING),ENGINEERING,0.65,15,2025-07-31,2025-04-08,YET TO START CONSTRUCTION,YES,GENERAL,-0.5309212444168615,3,99,126,144,5,5,13,1970-01-01 00:00:00.000000000,1970-01-01 00:00:00.000000022,0,0,0,2025,7,31,3,2025.0,4.0,8.0,1.0,1970,1,1,3,1970,1,1,3,1.2626315789473683,23.99,19,-0.20638387137837358,-3.9212935561890983,19,3.0,57,19,0.65,0.65,1,-0.5309212444168615,-0.5309212444168615,1,3.0,3,1,0.65,0.65,1,-0.5309212444168615,-0.5309212444168615,1,3.0,3,1
MEDCHAL,QUTUBULLAPUR,JEEDIMETLA,M/S AUCTOR HOME APPLIANCES LLP,POLYTHENE AND PLASTIC PROCESSED PRODUCTS MANUFACTURING(VIRGIN PLASTIC),PLASTIC AND RUBBER,0.24,20,2025-07-23,2025-04-08,YET TO START CONSTRUCTION,YES,GENERAL,-0.7481159296376364,3,15,15,145,17,11,2,1970-01-01 00:00:00.000000043,1970-01-01 00:00:00.000000022,0,0,0,2025,7,23,2,2025.0,4.0,8.0,1.0,1970,1,1,3,1970,1,1,3,1.2626315789473683,23.99,19,-0.20638387137837358,-3.9212935561890983,19,3.0,57,19,0.8544375,6.8355,8,-0.42262188231973413,-3.380975058557873,8,3.0,24,8,1.0658333333333334,6.3950000000000005,6,-0.31063639091042505,-1.8638183454625503,6,3.0,18,6
JANGAON,BACHANNAPET,ALIMPUR,GAL REDDY WATERPLANT,MINERALIZED WATER,BEVERAGES,0.06,2,2025-07-31,2025-04-08,YET TO START CONSTRUCTION,YES,GENERAL,-0.8434696938809034,19,100,127,146,22,13,8,1970-01-01 00:00:00.000000000,1970-01-01 00:00:00.000000022,0,0,0,2025,7,31,3,2025.0,4.0,8.0,1.0,1970,1,1,3,1970,1,1,3,0.4178,2.089,5,-0.653927600290676,-3.2696380014533797,5,19.0,95,5,0.06,0.06,1,-0.8434696938809034,-0.8434696938809034,1,19.0,19,1,0.06,0.06,1,-0.8434696938809034,-0.8434696938809034,1,19.0,19,1
SANGAREDDY,ZAHIRABAD,KASIMPUR,AIRUS WATER PRIVATE LIMITED,MINERALIZED WATER,BEVERAGES,0.7,50,2025-07-11,2025-02-08,YET TO START CONSTRUCTION,YES,SC,-0.5044340876826207,13,101,128,147,22,13,14,1970-01-01 00:00:00.000000056,1970-01-01 00:00:00.000000023,0,0,2,2025,7,11,4,2025.0,2.0,8.0,5.0,1970,1,1,3,1970,1,1,3,1.7844541666666667,21.41345,12,0.07004806198939033,0.840576743872684,12,13.0,156,12,0.7,0.7,1,-0.5044340876826207,-0.5044340876826207,1,13.0,13,1,0.7,0.7,1,-0.5044340876826207,-0.5044340876826207,1,13.0,13,1
RANGAREDDY,IBRAHIMPATNAM,IBRAHIMPATNAM (KHALSA),R.K. INTERNATIONAL.,SPICE GRINDING (UPTO-20 HP MOTOR),FOOD PROCESSING,3.13,15,2025-07-22,2025-02-08,YET TO START CONSTRUCTION,YES,GENERAL,0.7828417296014845,9,84,129,148,55,1,13,1970-01-01 00:00:00.000000024,1970-01-01 00:00:00.000000023,0,0,0,2025,7,22,1,2025.0,2.0,8.0,5.0,1970,1,1,3,1970,1,1,3,3.2394545454545454,71.268,22,0.8408245236160773,18.4981395195537,22,9.0,198,22,3.315,13.26,4,0.8808442095181757,3.5233768380727026,4,9.0,36,4,3.13,6.26,2,0.7828417296014845,1.565683459202969,2,9.0,18,2
RANGAREDDY,IBRAHIMPATNAM,IBRAHIMPATNAM (KHALSA),AMRITA HERBOCEUTICALS.,AYURVEDIC AND HOMEOPATHIC MEDICINES (WITHOUT BOILER),PHARMACEUTICALS AND CHEMICALS,3.13,15,2025-07-23,2025-02-08,YET TO START CONSTRUCTION,YES,GENERAL,0.7828417296014845,9,84,129,149,56,10,13,1970-01-01 00:00:00.000000043,1970-01-01 00:00:00.000000023,0,0,0,2025,7,23,2,2025.0,2.0,8.0,5.0,1970,1,1,3,1970,1,1,3,3.2394545454545454,71.268,22,0.8408245236160773,18.4981395195537,22,9.0,198,22,3.315,13.26,4,0.8808442095181757,3.5233768380727026,4,9.0,36,4,3.13,6.26,2,0.7828417296014845,1.565683459202969,2,9.0,18,2
YADADRI,BIBINAGAR,RAIRAOPET,SRI PRANATHI INDUSTRIES.,ENGINEERING AND FABRICATION UNITS (DRY PROCESS WITHOUT ANY HEAT TREATMENT / METAL SURFACE FINISHING OPERATIONS / PAINTING),ENGINEERING,0.4338,4,2025-07-22,2025-02-08,YET TO START CONSTRUCTION,YES,GENERAL,-0.6454517101357189,5,5,5,150,5,5,11,1970-01-01 00:00:00.000000024,1970-01-01 00:00:00.000000023,0,0,0,2025,7,22,1,2025.0,2.0,8.0,5.0,1970,1,1,3,1970,1,1,3,0.6163333333333333,5.547,9,-0.5487559299512503,-4.938803369561253,9,5.0,45,9,0.8178333333333333,4.907,6,-0.4420126883122597,-2.6520761298735582,6,5.0,30,6,0.8178333333333333,4.907,6,-0.4420126883122597,-2.6520761298735582,6,5.0,30,6
YADADRI,BIBINAGAR,RAIRAOPET,OMEGA ENGINEERING INDUSTRY.,ENGINEERING AND FABRICATION UNITS (DRY PROCESS WITHOUT ANY HEAT TREATMENT / METAL SURFACE FINISHING OPERATIONS / PAINTING),ENGINEERING,0.5676,4,2025-07-18,2025-02-08,YET TO START CONSTRUCTION,YES,GENERAL,-0.5745720787148902,5,5,5,151,5,5,11,1970-01-01 00:00:00.000000055,1970-01-01 00:00:00.000000023,0,0,0,2025,7,18,4,2025.0,2.0,8.0,5.0,1970,1,1,3,1970,1,1,3,0.6163333333333333,5.547,9,-0.5487559299512503,-4.938803369561253,9,5.0,45,9,0.8178333333333333,4.907,6,-0.4420126883122597,-2.6520761298735582,6,5.0,30,6,0.8178333333333333,4.907,6,-0.4420126883122597,-2.6520761298735582,6,5.0,30,6
VIKARABAD,VICARABAD,VIKARABAD TOWN,KAVITHA FLOUR MILL,FLOUR MILLS (DRY PROCESS),FOOD PROCESSING,0.0514,3,2025-07-29,2025-02-08,YET TO START CONSTRUCTION,YES,ST,-0.8480254848391928,4,102,130,152,11,1,21,1970-01-01 00:00:00.000000035,1970-01-01 00:00:00.000000023,0,0,3,2025,7,29,1,2025.0,2.0,8.0,5.0,1970,1,1,3,1970,1,1,3,0.9162399999999999,4.5812,5,-0.3898824322383757,-1.9494121611918787,5,4.0,20,5,0.0514,0.0514,1,-0.8480254848391928,-0.8480254848391928,1,4.0,4,1,0.0514,0.0514,1,-0.8480254848391928,-0.8480254848391928,1,4.0,4,1
SIDDIPET,KONDAPAK,MANGOLE,HAMSA RURAL GODOWN,"FACILITY OF HANDLING, STORAGE AND TRANSPORTATION OF FOOD GRAINS IN BULK",AGRO BASED INCL COLD STORAGES,0.25,10,2025-07-31,2025-02-08,YET TO START CONSTRUCTION,YES,GENERAL,-0.7428184982907882,0,45,131,153,30,0,9,1970-01-01 00:00:00.000000000,1970-01-01 00:00:00.000000023,0,0,0,2025,7,31,3,2025.0,2.0,8.0,5.0,1970,1,1,3,1970,1,1,3,0.6721125,5.3769,8,-0.5192072993511434,-4.153658394809147,8,0.0,0,8,0.45,0.9,2,-0.6368698713538248,-1.2737397427076496,2,0.0,0,2,0.25,0.25,1,-0.7428184982907882,-0.7428184982907882,1,0.0,0,1
MEDCHAL,DUNDIGAL GANDIMAISAMMA,DUNDIGAL,NR ENTERPRISES,SAW MILLS,WOOD AND LEATHER,0.05,12,2025-07-28,2025-02-08,YET TO START CONSTRUCTION,YES,GENERAL,-0.8487671252277516,3,6,6,154,9,8,6,1970-01-01 00:00:00.000000044,1970-01-01 00:00:00.000000023,0,0,0,2025,7,28,0,2025.0,2.0,8.0,5.0,1970,1,1,3,1970,1,1,3,1.2626315789473683,23.99,19,-0.20638387137837358,-3.9212935561890983,19,3.0,57,19,0.18333333333333335,0.55,3,-0.7781347072697761,-2.334404121809328,3,3.0,9,3,0.15,0.3,2,-0.7957928117592699,-1.5915856235185397,2,3.0,6,2
MEDCHAL,UPPAL,NACHARAM,CHEMTATVA CHIRAL SOLUTIONS PRIVATE LIMITED UNIT - 2,PHARMACEUTICAL FORMULATION AND FOR R & D PURPOSE (FOR SUSTAINED RELEASE/EXTENDED RELEASE OF DRUGS ONLY AND NOT FOR COMMERCIAL PURPOSE),R&D,0.35,10,2025-07-08,2025-02-08,YET TO START CONSTRUCTION,YES,GENERAL,-0.6898441848223065,3,3,3,155,3,3,9,1970-01-01 00:00:00.000000070,1970-01-01 00:00:00.000000023,0,0,0,2025,7,8,1,2025.0,2.0,8.0,5.0,1970,1,1,3,1970,1,1,3,1.2626315789473683,23.99,19,-0.20638387137837358,-3.9212935561890983,19,3.0,57,19,1.825,3.65,2,0.09152693883779844,0.1830538776755969,2,3.0,6,2,1.825,3.65,2,0.09152693883779844,0.1830538776755969,2,3.0,6,2
MANCHERIAL,CHENNUR,KATHERSALA,M/S.ASMA BRICKS INDUSTRY,FLY ASH BRICKS/ BLOCK MANUFACTURING,"CEMENT, CEMENT & CONCRETE PRODUCTS, FLY ASH BRICKS",0.11,5,2025-07-22,2025-02-08,YET TO START CONSTRUCTION,YES,GENERAL,-0.8169825371466626,30,103,132,156,12,4,4,1970-01-01 00:00:00.000000024,1970-01-01 00:00:00.000000023,0,0,0,2025,7,22,1,2025.0,2.0,8.0,5.0,1970,1,1,3,1970,1,1,3,0.11,0.11,1,-0.8169825371466626,-0.8169825371466626,1,30.0,30,1,0.11,0.11,1,-0.8169825371466626,-0.8169825371466626,1,30.0,30,1,0.11,0.11,1,-0.8169825371466626,-0.8169825371466626,1,30.0,30,1
MAHABUBABAD,NARSIMHULAPET,PEDDAMUPPARAM,BENITH WOOD WORKS,"CARPENTRY & WOODEN FURNITURE MANUFACTURING (EXCLUDING SAW MILL) WITH THE HELP OF ELECTRICAL (MOTORIZED) MACHINES SUCH AS ELECTRICAL WOOD PLANNER, STEEL SAW CUTTING CIRCULAR BLADE, ETC",WOOD AND LEATHER,0.07,3,2025-07-23,2025-02-08,YET TO START CONSTRUCTION,YES,OBC,-0.8381722625340552,6,104,133,157,57,8,21,1970-01-01 00:00:00.000000043,1970-01-01 00:00:00.000000023,0,0,1,2025,7,23,2,2025.0,2.0,8.0,5.0,1970,1,1,3,1970,1,1,3,2.38934375,19.11475,8,0.39048416600258307,3.1238733280206645,8,6.0,48,8,0.07,0.07,1,-0.8381722625340552,-0.8381722625340552,1,6.0,6,1,0.07,0.07,1,-0.8381722625340552,-0.8381722625340552,1,6.0,6,1
RANGAREDDY,NANDIGAMA,NANDIGAMA,RENAVART RECYCLERS INDIA PVT LTD,"INDUSTRIES ENGAGED IN RECYCLING / REPROCESSING/ RECOVERY/REUSE OF HAZARDOUS WASTE UNDERSCHEDULE IV OF HW( M, H& TBM) RULES, 2008 - ITEMS NAMELY -DISMANTLERS RECYCLINGYLANTSCOMPONENTS OF WASTE ELECTRICALAND ELECTRONIC ASSEMBLESCOMPRISING ACCUMULATORS ANDOTHER BATTERIES INCLUDED ON LISTA, MERCURY-SWITCHES, ACTIVATED GLASS CUILETS FROM CATHODE-RAY TUBES AND OTHER ACTIVATED GLASS AND PCB-CAPACITORS, OR ANY OTHER COMPONENT CONTAMINATED WITHSCHEDULE 2 CONSTITUENTS (E.G.CADMIUM, MERCURY, LEAD,POLYCHLORINATED BIPHENYL) TO AN EXTENT THAT THEY EXHIBIT HAZARD CHARACTERISTICS INDICATED IN PARTC OF THIS SCHEDULE.",PHARMACEUTICALS AND CHEMICALS,1.65,15,2025-07-31,2025-02-08,YET TO START CONSTRUCTION,YES,OBC,-0.001178109732044551,9,12,42,158,53,10,13,1970-01-01 00:00:00.000000000,1970-01-01 00:00:00.000000023,0,0,1,2025,7,31,3,2025.0,2.0,8.0,5.0,1970,1,1,3,1970,1,1,3,3.2394545454545454,71.268,22,0.8408245236160773,18.4981395195537,22,9.0,198,22,4.271208333333333,25.62725,6,1.38738900942992,8.32433405657952,6,9.0,54,6,4.12545,20.62725,5,1.3101745330234855,6.550872665117428,5,9.0,45,5
NARAYANPET,NARWA,YAMKI,VENNELA AGRO INDUSTRIES,PARBOILED RICE MILLS,FOOD PROCESSING,4.85,10,2025-07-08,2025-01-08,YET TO START CONSTRUCTION,YES,OBC,1.6939999212593695,17,38,134,159,18,1,9,1970-01-01 00:00:00.000000070,1970-01-01 00:00:00.000000024,0,0,1,2025,7,8,1,2025.0,1.0,8.0,2.0,1970,1,1,3,1970,1,1,3,3.5930625,14.37225,4,1.0281459099064725,4.11258363962589,4,17.0,68,4,5.288625,10.57725,2,1.9263585037104973,3.8527170074209947,2,17.0,34,2,4.85,4.85,1,1.6939999212593695,1.6939999212593695,1,17.0,17,1
WANAPARTHY,KOTHAKOTA,RAYANPET,SRI SAI NANDANA INDUSTRIES,RICE MILL (RICE HULLERS ONLY),FOOD PROCESSING,0.985,10,2025-07-21,2025-01-08,YET TO START CONSTRUCTION,YES,OBC,-0.35345729429744777,25,105,135,160,7,1,9,1970-01-01 00:00:00.000000049,1970-01-01 00:00:00.000000024,0,0,1,2025,7,21,0,2025.0,1.0,8.0,2.0,1970,1,1,3,1970,1,1,3,2.5040833333333334,7.51225,3,0.4512666725500128,1.3538000176500384,3,25.0,75,3,0.985,0.985,1,-0.35345729429744777,-0.35345729429744777,1,25.0,25,1,0.985,0.985,1,-0.35345729429744777,-0.35345729429744777,1,25.0,25,1
SIRCILLA,VEMULAWADA,NAMPALLE,M/S. RAJDHANI GLASS & PLYWOOD,FIBRE GLASS PRODUCTION ANDPROCESSING (EXCLUDING MOULDING),GRANITE AND STONE CRUSHING,0.23,8,2025-07-15,2025-01-08,YET TO START CONSTRUCTION,YES,OBC,-0.7534133609844845,14,106,136,161,58,2,5,1970-01-01 00:00:00.000000048,1970-01-01 00:00:00.000000024,0,0,1,2025,7,15,1,2025.0,1.0,8.0,2.0,1970,1,1,3,1970,1,1,3,0.708925,2.8357,4,-0.49970613020555854,-1.9988245208222342,4,14.0,56,4,0.23,0.23,1,-0.7534133609844845,-0.7534133609844845,1,14.0,14,1,0.23,0.23,1,-0.7534133609844845,-0.7534133609844845,1,14.0,14,1
MEDAK,MANOHARABAD,KONDAPUR,ANNAPURNA POLYTECH.,POLYTHENE AND PLASTIC PROCESSED PRODUCTS MANUFACTURING(VIRGIN PLASTIC),PLASTIC AND RUBBER,0.05,15,2025-07-30,2025-01-08,YET TO START CONSTRUCTION,YES,GENERAL,-0.8487671252277516,16,59,137,162,17,11,13,1970-01-01 00:00:00.000000005,1970-01-01 00:00:00.000000024,0,0,0,2025,7,30,2,2025.0,1.0,8.0,2.0,1970,1,1,3,1970,1,1,3,2.03545,10.177249999999999,5,0.20301138153221815,1.0150569076610907,5,16.0,80,5,0.775,1.55,2,-0.4647033525812593,-0.9294067051625186,2,16.0,32,2,0.05,0.05,1,-0.8487671252277516,-0.8487671252277516,1,16.0,16,1
